feature	g__Lautropia_s__mirabilis	g__Streptococcus_s__oralis_subsp._dentisani_clade_058	g__Fusobacterium_s__nucleatum	g__Neisseria_s__flava	g__Streptococcus_s__anginosus	g__Leptotrichia_s__shahii	g__Streptococcus_s__sanguinis	g__Prevotella_s__oralis	g__Bacteroidales_.G.2._s__bacterium_HMT_274	g__Capnocytophaga_s__sputigena	g__Haemophilus_s__parainfluenzae	g__Abiotrophia_s__defectiva	g__Parvimonas_s__sp._HMT_110	g__Peptostreptococcus_s__stomatis	g__Parvimonas_s__micra	g__Veillonella_s__parvula	g__Leptotrichia_s__hongkongensis	g__Lactobacillus_s__gasseri	g__Veillonella_s__dispar	g__Gemella_s__haemolysans	g__Prevotella_s__sp._HMT_300	g__Prevotella_s__nigrescens	g__Prevotella_s__sp._HMT_472	g__Treponema_s__lecithinolyticum	g__Leptotrichia_s__sp._HMT_417	g__Streptococcus_s__intermedius	g__Prevotella_s__denticola	g__Campylobacter_s__rectus	g__Tannerella_s__forsythia	g__Dialister_s__invisus	g__Flavitalea_s__sp._HMT_320	g__Prevotella_s__saccharolytica	g__Clostridiales_.F.3..G.1._s__bacterium_HMT_876	g__Porphyromonas_s__pasteri	g__Solobacterium_s__moorei	g__Campylobacter_s__gracilis	g__Neisseria_s__flavescens	g__Streptococcus_s__mutans	g__Porphyromonas_s__endodontalis	g__Prevotella_s__salivae	g__Prevotella_s__oris	g__Neisseria_s__perflava	g__Neisseria_s__elongata	g__Granulicatella_s__adiacens	g__Lacticaseibacillus_s__casei	g__Haemophilus_s__sp._HMT_036	g__Streptococcus_s__sobrinus	g__Veillonella_s__sp._HMT_780	g__Capnocytophaga_s__endodontalis	g__Treponema_s__socranskii	g__Leptotrichia_s__wadei	g__Neisseria_s__cinerea	g__Cardiobacterium_s__hominis	g__Peptidiphaga_s__sp._HMT_183	g__Streptococcus_s__gordonii	g__Prevotella_s__veroralis	g__Actinomyces_s__gerencseriae	g__Prevotella_s__histicola	g__Catonella_s__morbi	g__Alloprevotella_s__tannerae	g__Oribacterium_s__sp._HMT_078	g__Capnocytophaga_s__sp._HMT_864	g__Saccharibacteria_.TM7._.G.1._s__bacterium_HMT_346	g__Prevotella_s__melaninogenica	g__Granulicatella_s__elegans	g__Tannerella_s__sp._HMT_286	g__Ruminococcaceae_.G.1._s__bacterium_HMT_075	g__Porphyromonas_s__sp._HMT_930	g__Lancefieldella_s__rimae	g__Bacteroidetes_.G.5._s__bacterium_HMT_511	g__Veillonella_s__atypica	g__Fretibacterium_s__sp._HMT_359	g__Haemophilus_s__haemolyticus	g__Dialister_s__pneumosintes	g__Rothia_s__dentocariosa	g__Prevotella_s__sp._HMT_317	g__Saccharibacteria_.TM7._.G.1._s__bacterium_HMT_348	g__Capnocytophaga_s__sp._HMT_336	g__Treponema_s__denticola	g__Riemerella_s__sp._HMT_322	g__Alloprevotella_s__sp._HMT_473	g__Megasphaera_s__micronuciformis	g__Selenomonas_s__noxia	g__Kingella_s__oralis	g__Prevotella_s__sp._HMT_292	g__Prevotella_s__oulorum	g__Prevotella_s__nanceiensis	g__Capnocytophaga_s__leadbetteri	g__Mycoplasma_s__salivarium	g__Corynebacterium_s__matruchotii	g__Saccharibacteria_.TM7._.G.3._s__bacterium_HMT_351	g__Treponema_s__sp._HMT_231	g__Fusobacterium_s__periodonticum	g__Stomatobaculum_s__longum	g__Streptococcus_s__salivarius	g__Neisseria_s__subflava	g__Rothia_s__aeria	g__Lachnoanaerobaculum_s__saburreum	g__Capnocytophaga_s__gingivalis	g__Actinomyces_s__sp._HMT_169	g__Pseudoleptotrichia_s__goodfellowii	g__Gemella_s__morbillorum	g__Capnocytophaga_s__sp._HMT_338	g__Cardiobacterium_s__valvarum	g__Neisseria_s__oralis	g__Leptotrichia_s__sp._HMT_225	g__Leptotrichia_s__buccalis	g__Streptococcus_s__constellatus	g__Peptococcus_s__sp._HMT_167	g__Selenomonas_s__sp._HMT_136	g__Streptococcus_s__cristatus_clade_578	g__Aggregatibacter_s__paraphrophilus	g__Fusobacterium_s__hwasookii	g__Aggregatibacter_s__aphrophilus	g__Corynebacterium_s__durum	g__Fusobacterium_s__naviforme	g__Lachnoanaerobaculum_s__umeaense	g__Leptotrichia_s__sp._HMT_392	g__Capnocytophaga_s__granulosa	g__Leptotrichia_s__hofstadii	g__Prevotella_s__pleuritidis	g__Treponema_s__maltophilum	g__Actinomyces_s__oris	g__Actinomyces_s__massiliensis	g__Bifidobacterium_s__dentium	g__Fusobacterium_s__sp._HMT_203	g__Peptostreptococcaceae_.G.7._s__.Eubacterium._yurii_subsps._yurii_._margaretiae	g__Saccharibacteria_.TM7._.G.6._s__bacterium_HMT_870	g__Campylobacter_s__concisus	g__Selenomonas_s__sputigena	g__Porphyromonas_s__catoniae	g__Cryptobacterium_s__curtum	g__Streptococcus_s__lactarius	g__Fretibacterium_s__fastidiosum	g__Fusobacterium_s__sp._HMT_248	g__Arachnia_s__propionica	g__Peptostreptococcaceae_.G.1._s__.Eubacterium._sulci	g__Aggregatibacter_s__sp._HMT_458	g__Porphyromonas_s__sp._HMT_278	g__Selenomonas_s__infelix	g__Selenomonas_s__sp._HMT_936	g__Pseudoleptotrichia_s__sp._HMT_221	g__Aggregatibacter_s__sp._HMT_513	g__Leptotrichia_s__sp._HMT_215	g__Rothia_s__mucilaginosa	g__Actinomyces_s__naeslundii	g__Schaalia_s__sp._HMT_180	g__Streptococcus_s__parasanguinis_clade_411	g__Eikenella_s__corrodens	g__Aggregatibacter_s__sp._HMT_512	g__Afipia_s__broomeae	g__Scardovia_s__wiggsiae	g__Alloprevotella_s__sp._HMT_912	g__Porphyromonas_s__sp._HMT_284	g__Leptotrichia_s__sp._HMT_498	g__Selenomonas_s__sp._HMT_146	g__Kingella_s__denitrificans	g__Capnocytophaga_s__sp._HMT_412	g__Lachnospiraceae_.G.3._s__bacterium_HMT_100	g__Saccharibacteria_.TM7._.G.1._s__bacterium_HMT_952	g__Johnsonella_s__ignava	g__Alloprevotella_s__sp._HMT_308	g__Alloprevotella_s__sp._HMT_914	g__Selenomonas_s__sp._HMT_134	g__Leptotrichia_s__sp._HMT_212	g__Peptostreptococcaceae_.G.1._s__.Eubacterium._infirmum	g__Peptostreptococcaceae_.G.9._s__.Eubacterium._brachy	g__Treponema_s__sp._HMT_237	g__Prevotella_s__marshii	g__Actinomyces_s__sp._HMT_171	g__Veillonellaceae_.G.1._s__bacterium_HMT_150	g__Lancefieldella_s__parvula	g__Prevotella_s__micans	g__Peptococcus_s__sp._HMT_168	g__Prevotella_s__maculosa	g__Prevotella_s__pallens	g__Capnocytophaga_s__sp._HMT_323	g__Haemophilus_s__paraphrohaemolyticus	g__Pseudoleptotrichia_s__sp._HMT_219	g__Olsenella_s__sp._HMT_807	g__Acidipropionibacterium_s__acidifaciens	g__Peptidiphaga_s__gingivicola	g__Selenomonas_s__artemidis	g__Gemella_s__sanguinis	g__Haemophilus_s__sp._HMT_908	g__Weeksellaceae_.G.1._s__sp._HMT_907	g__Capnocytophaga_s__sp._HMT_324	g__Peptostreptococcaceae_.G.4._s__bacterium_HMT_369	g__Limosilactobacillus_s__fermentum	g__Alloprevotella_s__sp._HMT_913	g__Alloprevotella_s__rava	g__Porphyromonas_s__sp._HMT_275	g__Absconditabacteria_.SR1._.G.1._s__bacterium_HMT_874	g__Weeksellaceae_.G.1._s__sp._HMT_900	g__Selenomonas_s__sp._HMT_138	g__Saccharibacteria_.TM7._.G.1._s__bacterium_HMT_957	g__Mogibacterium_s__vescum	g__Prevotella_s__sp._HMT_314	g__Selenomonas_s__sp._HMT_137	g__Lachnoanaerobaculum_s__orale	g__Slackia_s__exigua	g__Schaalia_s__sp._HMT_178	g__Selenomonas_s__flueggei	g__Tannerella_s__sp._HMT_808	g__Absconditabacteria_.SR1._.G.1._s__bacterium_HMT_345	g__Veillonellaceae_.G.1._s__bacterium_HMT_155	g__Gracilibacteria_.GN02._.G.1._s__bacterium_HMT_872	g__Actinomyces_s__dentalis	g__Selenomonas_s__sp._HMT_126	g__Oribacterium_s__sinus	g__Prevotella_s__sp._HMT_315	g__Lachnospiraceae_.G.2._s__bacterium_HMT_088	g__Selenomonas_s__sp._HMT_919
95-P	12728.813559322	215.716486902928	0	338.212634822804	0	0	194.144838212635	0	0	2685.67026194145	2792.75808936826	3630.97072419106	0	0	0	3313.5593220339	1448.38212634823	0	2267.3343605547	0	0	0	93.2203389830509	0	0	0	0	0	0	0	0	0	0	1523.88289676425	0	0	26.1941448382126	0	0	0	4.62249614791988	0	392.141756548536	0	0	0	0	0	0	0	0	94.7611710323575	3.08166409861325	43.1432973805855	0	170.261941448382	10.0154083204931	0	0	0	0	0	0	870.570107858243	0	0	0	95.5315870570108	0	0	0	0	0	0	0	0	0	0	0	446.070878274268	0	0	0	23.8828967642527	0	0	161.787365177196	233.436055469954	0	0	0	0	0	0	0	0	0	0	389.060092449923	0	0	0	0	0	77.0416024653313	0	0	0	0	0	3.08166409861325	76.271186440678	0	82.4345146379045	0	0	0	0	500	0	0	0	0	0	0	0	0	0	0	0	0	0	0	0	0	0	0	0	0	0	0	0	0	37.7503852080123	0	28.5053929121726	26.9645608628659	0	151.001540832049	0	0	0	0	0	0	0	0	0	0	0	0	0	21.5716486902928	0	0	0	0	0	0	0	0	0	0	0	0	0	0	2.31124807395994	0	0	0	0	0	0	0	0	0	0	0	0	0	0	0	0	0	0	0	98.613251155624	0	0	0	0	0	0	0	0	0	0	0	0	0	0	0
93-A	186.801490154337	7893.56040447046	1025.01330494944	471.527408195849	0	0	89.4092602448111	120.808940926024	0	0	1142.09686003193	9.04736562001064	52.6875997871208	0	149.547631718999	227.248536455561	216.07237892496	0	967.535923363491	1766.36508781267	0	0	0	0	0	26.6098988823842	0	0	0	0	0	0	0	0	17.0303352847259	0	0	985.098456625865	0	0	110.164981373071	0	0	136.242682277807	0	960.617349654071	21.8201170835551	30.335284725918	158.062799361362	0	0	0	27.6742948376796	0	209.15380521554	0	0	0	0	410.324640766365	0	0	0	0	206.492815327302	0	0	193.18786588611	5.32197977647685	0	0	0	374.66737626397	0	0	72.9111229377328	0	0	0	0	0	0	0	0	0	0	0	0	0	0	0	0	0	0	84.6194784459819	0	10.6439595529537	0	197.977647684939	41.5114422565194	0	26.0777009047366	0	0	0	0	0	0	0	0	0	0	0	0	0	0	0	0	0	0	0	0	0	55.3485896753592	0	0	0	0	0	0	0	0	0	0	0	0	0	0	0	0	0	0	0	0	0	36.7216604576903	0	0	0	0	0	0	0	0	0	0	0	0	0	0	0	0	0	0	0	0	0	0	0	0	0	0	0	0	0	0	123.469930814263	37.7860564129856	0	0	0	0	0	0	0	0	0	0	0	0	0	0	0	0	0	0	0	0	0	0	0	0	0	0	0	0	0	0	0	0	0	0	0
75-A	269.196295189722	72.0047804003585	3796.53420974007	0	595.159844636988	0	0	0	0	0	139.826710487003	36.7493277561996	832.685987451449	580.818643561398	0	105.467582910069	0	0	54.6758291006872	132.954884971616	21.5118016133851	695.847027188527	0	0	0	14.6399760979982	779.802808485211	0	0	252.464893934867	19.1216014341201	0	47.206453540484	0	318.792948909471	164.923812369286	0	0	0	0	503.435912757693	0	0	133.552435016433	72.0047804003585	0	0	0	0	0	0	0	0	0	0	0	13.1461009859576	28.383627128772	72.6023304451748	141.619360621452	436.809082760681	0	0	54.3770540782791	0	0	0	0	115.625933671945	0	0	0	0	0	370.182252763669	0	0	0	0	0	0	0	0	0	0	77.9802808485211	0	0	0	0	0	165.521362414102	0	0	0	0	0	0	0	0	221.392291604422	69.9133552435016	163.131162234837	0	0	0	0	0	213.325365999402	0	0	0	0.298775022408127	0	34.3591275769346	130.564684792351	0	0	0	0	0	0	26.8897520167314	56.468479235136	0	0	0	0	0	21.8105766357932	0	33.1640274873021	0	0	0	0	0	0	0	0	0	0	0	0	28.9811771735883	70.5109052883179	0	0	0	0	0	12.8473259635494	0	0	0	0	0	0	0	0	0	0	0	0	0	54.6758291006872	0	0	0	0.597550044816253	33.7615775321183	40.3346280250971	0	0	0	0	0	0	0	0	0	0	0	43.3223782491784	0	0	0	0	0	0	37.645652823424	0	0	0	0	0	0	0	0	0	0	0	0	0	0	0	0	0	0	0.597550044816253	0	0	0
97-P	397.859615989928	3805.47686496695	535.096002518099	1410.45011016682	0	0	226.628895184136	0	0	65.7853320742839	711.048158640227	70.8215297450425	21.403840100724	0	0	70.1920050361977	23.9219389361032	0	107.648725212465	225.055083412024	0	0	0	0	18.2562165564998	0	0	19.2005036197671	0	0	41.8633931381807	0	0.944287063267233	159.584513692162	6.92477179729304	128.108278249921	277.935158954989	0	0	0	0	0	61.0638967579477	86.559647466163	0	174.063581995593	0	0	203.966005665722	0	0	54.1391249606547	448.221592697513	202.39219389361	0	0	0	0	0	0	0	2.8328611898017	0	33.679571923198	0	112.999685237646	11.6462071136292	13.8495435945861	0	0	0	0	25.1809883537929	0	0	380.232924142273	22.977651872836	93.4844192634561	0	87.5039345294303	0	0	27.6990871891722	34.6238589864652	0	0	0	97.8910922253698	0	165.564998426188	0	0	113.943972300913	0	62.6377085300598	0	48.7881649354737	22.977651872836	0	80.2644003777148	0	105.76015108593	0	232.924142272584	16.6824047843878	228.202706956248	225.684608120869	0	0	0	24.2367012905257	0	51.306263770853	0	44.6962543279824	0	29.5876613157066	56.9719861504564	147.623544224111	8.81334592382751	0	0	0	184.765502045955	0	28.6433742524394	13.5347812401637	27.0695624803274	23.9219389361032	0	60.4343720491029	0	39.030531948379	0	0	18.8857412653447	0	50.6767390620082	0	0	0	0	125.27541706012	10.701920050362	130.626377085301	44.38149197356	6.61000944287063	10.0723953415172	66.1000944287063	13.2200188857413	24.8662259993705	0	6.61000944287063	0	0	0	11.0166824047844	0	33.0500472143532	0	20.7743153918791	15.7381177211206	37.4567201762669	0	91.5958451369216	0	0	0	0	6.29524708844822	0	0	0	0	0	0	0	48.4734025810513	0	0	0	0	22.6628895184136	12.9052565313189	13.5347812401637	57.9162732137236	30.8467107333963	0	0	0	0	56.9719861504564	16.6824047843878	0	0	0	0	0	24.5514636449481	0	0	23.9219389361032	0	6.61000944287063	0	0	0	0	0	4.40667296191376	0	0	0
71-A	0	91.1094783247612	4260.8376193975	0	0	32.3291697281411	0	29.3901542983101	1256.42909625276	0	0	0	0	440.484937545922	268.919911829537	87.8030859662013	135.562086700955	0	37.1050698016165	0	0	399.706098457017	0	63.9235855988244	0	0	49.2285084496694	0	555.841293166789	28.2880235121234	45.9221160911095	0	31.5944158706833	0	96.9875091844232	809.698750918442	0	338.721528288024	480.161645848641	0	387.582659808964	0	0	0	0	0	0	0	253.857457751653	90.3747244673035	0	0	36.7376928728876	0	0	0	61.3519470977223	0	28.6554004408523	98.8243938280676	93.6811168258633	0	103.600293901543	0	0	31.5944158706833	0	0	0	0	0	154.665686994857	0	143.277002204262	0	41.1462160176341	0	0	423.585598824394	0	0	0	46.2894930198384	0	0	0	0	0	0	46.2894930198384	0	83.3945628214548	0	0	0	0	0	14.695077149155	0	0	0	0	12.8581925055107	0	0	0	0	0	156.502571638501	0	0.367376928728876	0	0	85.5988243938281	6.61278471711976	22.4099926524614	65.3930933137399	0	0	0	203.526818515797	226.304188096988	0	0	0	97.722263041881	0	0	0	1.10213078618663	0	0	0	53.6370315944159	0	0	0	0	0	24.9816311535636	0	0	0	0	0	16.5319617927994	0	0	76.0470242468773	0	0	0	0	0	0	0	0	0	20.9404849375459	0	56.208670095518	0	0	89.6399706098457	11.0213078618663	0	0	52.5349008082292	0	0	27.1858927259368	0	0	0	9.91917707567965	0	0	0	0	0	0	0	0	0	0	0	0	0	0	0	66.8626010286554	0	0	0	6.98016164584864	0	0	0	0	0	13.2255694342395	0	0	38.9419544452608	0	0	0	0	0	0	0	0	0
100-P	981.498194945848	2694.94584837545	327.166064981949	4862.81588447653	0	228.339350180505	1335.74007220217	0	13.086642599278	330.324909747292	710.740072202166	400.270758122744	12.1841155234657	0	0	713.898916967509	272.111913357401	0	1076.26353790614	28.8808664259928	0	122.743682310469	197.202166064982	4.51263537906137	1253.15884476534	15.3429602888087	0	142.148014440433	0	0	0	48.7364620938628	0	1004.06137184116	0	72.2021660649819	0	355.14440433213	0	35.6498194945848	8.12274368231047	17.5992779783393	87.0938628158845	161.101083032491	0	22.5631768953069	0	34.2960288808664	0	0	0	24.8194945848375	61.8231046931408	0	462.093862815884	0	0	35.1985559566787	13.5379061371841	0	0	0	7.67148014440433	199.007220216606	16.6967509025271	59.5667870036101	14.8916967509025	47.3826714801444	0	0	3.6101083032491	0	0	0	0	19.4043321299639	27.5270758122744	3.15884476534296	0	180.956678700361	114.620938628159	0	0	73.1046931407942	0	13.9891696750903	38.3574007220217	299.638989169675	0	38.3574007220217	22.1119133574007	0	205.776173285199	2.70758122743682	21.6606498194946	167.870036101083	0	38.3574007220217	14.4404332129964	157.490974729242	13.5379061371841	33.8447653429603	0	3.15884476534296	33.8447653429603	58.2129963898917	55.0541516245487	0	0	1.80505415162455	19.85559566787	15.3429602888087	308.212996389892	29.3321299638989	9.92779783393502	16.2454873646209	302.797833935018	0	217.509025270758	36.5523465703971	0	0	0	12.6353790613718	0	57.7617328519856	50.0902527075812	32.942238267148	36.101083032491	0	28.8808664259928	0	31.5884476534296	0	0	4.51263537906137	0	35.6498194945848	140.342960288809	10.3790613718412	1.35379061371841	199.007220216606	9.92779783393502	18.5018050541516	18.9530685920578	45.5776173285198	180.054151624549	6.31768953068592	18.5018050541516	84.8375451263538	0	0	128.158844765343	22.1119133574007	23.4657039711191	17.5992779783393	87.0938628158845	53.7003610108303	22.5631768953069	149.368231046931	4.51263537906137	0	109.657039711191	0	109.205776173285	0	5.41516245487365	0	0	1.35379061371841	0	1.80505415162455	0	0	6.76895306859206	33.8447653429603	93.8628158844765	13.5379061371841	4.51263537906137	0	0	0	20.7581227436823	0	0	30.2346570397112	0	0	0	50.0902527075812	0	7.2202166064982	42.870036101083	0	1.35379061371841	0	0	22.5631768953069	5.86642599277978	0	0	0	10.3790613718412	0	3.6101083032491	0	32.942238267148	0	0	0	0	7.67148014440433	0
83-P	0	0	0	0	1396.50377433453	0	0	535.955502582439	0	0	0	0	406.568666401801	0	0	0	0	0	450.139054429877	0	0	0	0	0	0	0	0	0	0	0	297.973778307509	0	295.45755529069	0	0	0	0	0	0	0	0	0	0	0	0	0	0	0	0	0	0	0	0	0	0	0	0	0	0	0	0	0	0	0	0	0	0	0	0	0	0	0	0	0	0	0	0	0	0	0	0	0	0	0	0	0	0	0	0	0	0	0	0	0	0	0	0	0	0	0	0	0	0	0	0	0	0	0	0	0	0	0	0	0	0	0	0	0	0	0	0	0	0	0	0	0	0	0	0	0	0	0	0	0	0	0	0	0	0	0	0	0	0	0	0	0	0	0	0	0	0	0	0	0	0	0	0	0	0	0	0	0	0	0	0	0	0	0	0	0	0	0	0	0	0	0	0	0	0	0	0	0	0	0	0	0	0	0	0	0	0	0	0	0	0	0	0	0	0	0	0	0	0	0	0	0	0	0	0	0	0	0	0
72-A	212.357528494301	263.347330533893	5897.42051589682	135.572885422915	31.1937612477504	30.5938812237552	68.3863227354529	307.138572285543	3401.31973605279	34.7930413917217	34.1931613677265	91.7816436712657	12.5974805038992	26.3947210557888	32.993401319736	115.776844631074	0	0	188.962207558488	10.1979604079184	0	0	0	1749.850029994	0	0	13.1973605278944	5.39892021595681	0	544.691061787642	0	11.3977204559088	0	23.995200959808	13.1973605278944	1259.74805038992	0	1247.15056988602	616.076784643071	0	130.773845230954	0	0	59.9880023995201	0	0	0	0	0	1020.99580083983	0	0	0	0	0	0	0	55.7888422315537	57.5884823035393	64.1871625674865	28.7942411517696	0	0	0	7.19856028794241	0	0	5.99880023995201	6.59868026394721	785.842831433713	12.5974805038992	68.3863227354529	0	749.250149970006	0	28.7942411517696	35.9928014397121	28.7942411517696	0	0	0	40.7918416316737	41.3917216556689	67.1865626874625	10.7978404319136	36.5926814637073	0	19.7960407918416	83.3833233353329	54.5890821835633	0	74.3851229754049	12.5974805038992	0	22.7954409118176	0	35.9928014397121	7.79844031193761	0	0	0	35.9928014397121	0	0	0	0	10.7978404319136	6.59868026394721	226.154769046191	13.7972405518896	0	0	0	0	0	23.3953209358128	0	0	5.39892021595681	14.3971205758848	382.723455308938	109.178164367127	0	0	13.1973605278944	14.3971205758848	29.99400119976	11.997600479904	0	202.159568086383	25.1949610077984	6.59868026394721	0	313.137372525495	0	0	0	11.997600479904	0	0	0	0	5.39892021595681	0	0	0	0	11.3977204559088	0	0	0	0	15.5968806238752	0	22.7954409118176	7.19856028794241	38.3923215356929	0	0	0	192.56148770246	0	0	75.5848830233953	14.3971205758848	106.778644271146	27.5944811037792	168.566286742651	165.566886622675	29.99400119976	159.568086382723	0	80.3839232153569	156.568686262747	4.79904019196161	0	0	0	0	105.578884223155	58.7882423515297	0	0	0	0	0	0	115.176964607079	8.99820035992801	0	57.5884823035393	0	11.997600479904	0	0	15.5968806238752	0	0	0	0	70.7858428314337	4.79904019196161	0	0	0	50.3899220155969	0	0	0	31.7936412717456	19.1961607678464	0	0
94-P	170.096021947874	4272.06218564243	73.6168267032465	0	295.381801554641	71.787837219936	283.493369913123	0	0	0	640.146319158665	41.1522633744856	0	16.9181527206219	0	831.732967535437	0	0	666.666666666667	637.860082304527	0	173.754000914495	0	0	588.477366255144	0	160.493827160494	0	0	24.2341106538637	47.5537265660722	0	11.8884316415181	0	4.11522633744856	337.90580704161	0	0	0	51.2117055326932	0	39.3232738911751	22.4051211705533	26.5203475080018	0	245.541838134431	0	809.327846364883	0	0	0	86.8770004572474	0	734.339277549154	730.681298582533	0	32.9218106995885	0	0	0	0	0	56.241426611797	81.390032007316	57.1559213534522	0	0	32.0073159579332	0	0	41.1522633744856	0	0	0	1.37174211248285	0	0	0	0	0	315.043438500229	0	31.5500685871056	51.2117055326932	0	106.995884773663	47.0964791952446	0	0	69.0443529949703	0	0	284.407864654778	59.4421582075903	0	0	0	0	0	0	0	0	0	0	0	0	50.297210791038	106.538637402835	0	26.9775948788294	24.6913580246914	0	0	0	0	0	0	0	0	0	0	0	74.5313214449017	17.8326474622771	33.3790580704161	0	0	0	70.8733424782808	36.5797896662094	0	0	239.140374942844	0	0	236.854138088706	0	0	0	0	0	0	0	0	0	27.8920896204847	11.8884316415181	19.6616369455876	0	0	22.8623685413809	0	0	0	26.0631001371742	0	0	149.977137631459	0	0	0	0	0	0	0	0	0	0	0	30.6355738454504	0	19.2043895747599	0	0	0	74.5313214449017	1.82898948331047	23.3196159122085	0	28.3493369913123	0	0	0	0	89.6204846822131	0	0	0	0	0	0	0	0	0	0	0	0	0	0	56.241426611797	0	32.9218106995885	0	0	0	33.3790580704161	0	9.60219478737997	0	0	0	0	0
72-P	52.4412296564195	877.034358047016	8198.01084990958	60.5786618444846	258.589511754069	0	193.490054249548	9.94575045207957	18.9873417721519	41.5913200723327	20.7956600361664	11.754068716094	227.848101265823	3960.21699819168	3953.88788426763	408.679927667269	0	50.6329113924051	1407.77576853526	0	2880.65099457504	11.754068716094	9.94575045207957	0	0	264.014466546112	1915.00904159132	21.6998191681736	0	49.7287522603978	31.6455696202532	47.0162748643761	0	9.04159132007233	588.607594936709	38.878842676311	73.2368896925859	217.902350813743	0	462.929475587703	609.403254972875	37.0705244122966	0	505.424954792043	31.6455696202532	0	0	0	0	0	0	0	0	0	92.2242314647378	0	0	0	1336.34719710669	0	0	0	0	346.29294755877	16.2748643761302	0	0	0	105.786618444846	8.1374321880651	1154.61121157324	0	0	0	0	0	13.5623869801085	0	9.04159132007233	0	0	47.0162748643761	0	11.754068716094	2.7124773960217	29.8372513562387	37.9746835443038	35.2622061482821	0	67.8119349005425	36.1663652802893	0	336.347197106691	809.222423146474	235.985533453888	0	12.6582278481013	0	0	49.7287522603978	20.7956600361664	50.6329113924051	0	0	0	0	30.7414104882459	17.1790235081374	0	0	271.24773960217	0	48.8245931283906	0	16.2748643761302	46.1121157323689	67.8119349005425	0	0	14.4665461121157	0	0	0	105.786618444846	123.869801084991	0	22.6039783001808	0	14.4665461121157	0	0	479.204339963834	0	0	0	0	466.546112115732	0	0	0	0	0	0	9.94575045207957	6.32911392405063	0	23.5081374321881	31.6455696202532	94.0325497287523	0	8.1374321880651	0	0	0	0	0	0	0	0	0	0	0	19.8915009041591	0	0	0	0	0	0	0	0	179.927667269439	0	37.0705244122966	7.23327305605787	20.7956600361664	0	0	0	0	0	0	0	31.6455696202532	0	0	0	0	170.886075949367	0	67.8119349005425	0	0	13.5623869801085	0	0	119.349005424955	0	0	0	0	5.4249547920434	0	0	0	0	0	0	0	56.9620253164557	0	0	0
80-A	0	0	8286.16024973985	0	0	0	0	53.0697190426639	2733.61082206035	0	0	0	0	406.867845993757	1950.05202913632	0	0	82.2060353798127	15.6087408949011	0	19.7710718002081	949.01144640999	0	1531.73777315297	0	0	200.832466181061	2708.63683662851	2667.01352757544	325.702393340271	0	0	0	0	6.24349635796046	2.08116545265349	0	0	1134.23517169615	6.24349635796046	497.398543184183	0	0	0	15.6087408949011	0	0	0	0	272.632674297607	0	0	0	4.16233090530697	0	0	0	0	35.3798126951093	159.209157127992	13.5275754422477	0	0	0	0	0	0	0	146.722164412071	1088.44953173777	0	1317.37773152966	0	647.242455775234	0	0	0	0	0	0	3.12174817898023	26.0145681581686	0	0	78.0437044745057	11.4464099895942	0	0	0	0	52.0291363163372	172.736732570239	0	0	0	0	0	0	0	0	0	11.4464099895942	773.15296566077	0	0	0	0	0	293.444328824142	0	0	0	0	0	0	13.5275754422477	0	0	0	0	0	268.4703433923	0	0	0	0	496.357960457856	0	0	95.7336108220604	0	0	0	196.670135275754	0	0	0	0	0	0	0	0	0	0	0	0	0	0	39.5421436004162	0	0	0	32.258064516129	0	0	0	0	0	0	0	298.647242455775	0	0	0	0	302.809573361082	239.334027055151	12.4869927159209	0	0	67.6378772112383	0	185.22372528616	0	0	0	0	0	0	0	6.24349635796046	0	0	0	0	0	0	63.4755463059313	0	0	56.1914672216441	0	0	0	15.6087408949011	0	0	0	0	0	22.8928199791883	0	0	82.2060353798127	65.5567117585848	66.5972944849116	0	0	0	0	0	0	19.7710718002081
93-P	321.008984105045	2749.13614374568	691.085003455425	688.320663441603	156.185210780926	262.266758811334	177.608845888044	519.350380096752	0	65.3075328265377	895.646164478231	89.4955079474775	0	0	0	196.613683483068	177.954388389772	0	834.485141672426	433.655839668279	0	0	0	0	0	0	0	0	0	0	0	0	0	0	0	0	0	328.956461644782	0	0	0	0	0	0	0	186.592950932965	49.4125777470629	0	0	0	0	0	91.2232204561161	0	0	0	11.7484450587422	0	0	0	0	0	0	0	58.3966827919834	0	0	0	0	0	2.7643400138217	0	0	0	36.6275051831375	136.489288182446	0	0	0	0	0	0	31.4443676572218	0	0	0	0	0	0	42.5017277125086	0	0	140.981340704907	0	93.2964754664824	0	0	93.9875604699378	0	21.0780926053905	0	133.033863165169	0	0	0	0	0	0	0	0	40.7740152038701	0	0	0	72.9094678645473	0	0	0	0	0	0	0	0	0	0	0	0	0	196.613683483068	77.4015203870076	0	0	0	0	0	0	0	0	0	0	0	0	0	0	0	20.387007601935	0	0	58.0511402902557	132.342778161714	0	0	0	0	0	0	11.0573600552868	0	0	0	0	0	0	0	0	0	0	0	0	18.6592950932965	0	0	0	0	0	0	0	0	0	0	0	0	0	0	0	0	0	0	0	0	0	0	0	0	0	0	0	0	0	0	13.4761575673808	0	0	0	0	0	0	0	0	0	0	0	0
95-A	5197.61273209549	122.015915119363	660.477453580902	640.583554376658	0	0	1622.01591511936	0	125.331564986737	3726.12732095491	1260.6100795756	1159.15119363395	0	484.74801061008	155.172413793103	88.8594164456233	0	0	106.763925729443	0	0	96.816976127321	164.456233421751	0	0	0	0	25.8620689655172	155.172413793103	43.7665782493369	0	0	0	122.015915119363	1.3262599469496	5.30503978779841	24.5358090185676	0	22.5464190981432	0	45.0928381962865	0	1273.20954907162	0	0	0	0	0	0	52.3872679045093	0	21.8832891246684	9.28381962864722	0	0	88.1962864721485	0	0	5.30503978779841	275.862068965517	0	0	36.4721485411141	0	0	0	0	43.1034482758621	0	23.209549071618	0	0	0	98.1432360742706	0	0	0	0	47.0822281167109	145.225464190981	0	0	12.5994694960212	0	59.6816976127321	0	10.6100795755968	247.347480106101	109.416445623342	16.57824933687	0	19.2307692307692	0	0	0	0	0	0	539.124668435013	0	0	0	0	18.5676392572944	87.5331564986737	0	0	124.668435013263	0	0	0	461.538461538462	0	452.917771883289	7.95755968169761	0	0	0	354.111405835544	0	134.615384615385	16.57824933687	0	0	0	95.4907161803714	0	0	0	71.6180371352785	0	0	0	74.9336870026525	0	0	0	0	1.3262599469496	5.96816976127321	0	0	9.28381962864722	0	0	21.2201591511936	29.840848806366	0	258.620689655172	61.0079575596817	0	0	0	64.3236074270557	0	0	0	0	0	0	0	0	0	33.8196286472149	78.2493368700265	2.6525198938992	3.315649867374	11.9363395225464	52.3872679045093	0	66.3129973474801	0	0	0	15.2519893899204	0	0	0	0	41.7771883289125	0	0	0	0	0	0	0	30.5039787798408	0	0	38.4615384615385	0	0	0	29.840848806366	0	0	51.7241379310345	0	0	0	0	0	51.0610079575597	0	0	0	0	43.7665782493369	0	16.57824933687	0	0
88-P	309.559939301973	1469.97615434641	464.990244959896	563.19098200737	0	1628.22458270106	425.319748536744	0	0	53.7611099067852	170.388033817472	96.0329503576848	16.9087361803599	0	0	250.162584001734	176.674615217863	0	378.495556037286	262.952525471494	0	0	56.3624539345328	0	0	0	0	168.220247127683	0	0	0	0	0	334.706264903533	17.1255148493388	0	475.829178408845	0	0	0	0	0	45.7402991545632	72.6208541079558	0	207.890743550835	0	61.9986993279861	226.750487752005	0	0	104.053761109907	70.669846087145	115.543030565792	291.567309776718	0	0	0	0	0	0	34.0342510296987	0	0	299.154563190982	0	295.902883156297	107.52221981357	0	0	0	0	153.696076306091	0	23.628874918708	0	0	0	0	41.4047257749837	30.3490136570561	0	17.9926295252547	230.218946455669	0	0	0	108.389334489486	0	81.0752221981357	0	0	0	0	0	0.650336006936917	59.1805766312595	97.9839583784955	0	22.1114242358552	127.682636028615	90.3967049642315	0	0	0	0	0	0	0	0	50.7262085410796	0	0	0	31.432907001951	0	51.3765445480165	23.1953175807501	109.69000650336	84.9772382397572	0	0	0	84.5436809017992	0	0	14.3073921526122	0	25.5798829395188	0	79.124214177325	0	0.86711467591589	0	67.4181660524604	11.9228267938435	0	110.340342510297	0	6.93691740732712	10.6221547799696	0	17.7758508562757	0	0	15.391285497507	6.72013873834815	0	0	0	17.9926295252547	0	0	0	0	0	28.3980056362454	0	0	0	0	0	0	0	0	0	0	0	0	0	0	0	0	0	0	0	0	15.824842835465	0	0	0	0	17.7758508562757	0	4.33557337957945	0	0	0	0	40.5376110990678	0	0	19.2933015391285	0	13.8738348146542	0	0	0	26.4469976154346	0	0	0	0	0	0	0	0	0	0	0	0	0	0
84-P	3081.76614881439	3891.25102207686	622.240392477514	4027.80049059689	0	165.16762060507	5849.55028618152	0	0	2589.53393295176	3089.94276369583	1104.66067048242	8.17661488143908	0	0	82.5838103025347	1558.46279640229	0	936.222403924775	138.184791496321	0	0	170.891251022077	0	100.572363041701	18.8062142273099	0	0	0	0	0	0	0	178.250204415372	0	0	0	0	0	0	0	20.4415372035977	399.018806214227	173.344235486509	0	70.3188879803761	0	43.3360588716271	0	0	0	0	24.5298446443173	0	0	0	0	0	4.08830744071954	0	0	0	0	373.671300081766	74.4071954210957	0	0	53.965658217498	0	0	0	0	41.7007358953393	0	0	0	0	0	0	85.8544562551104	0	0	31.8887980376124	802.943581357318	0	0	0	0	0	104.66067048242	0	0	244.480784955029	0	0	3.27064595257563	38.4300899427637	0	319.705641864268	663.12346688471	0	19.6238757154538	0	0	15.5355682747343	0	0	0	0	0	90.7604251839738	0	0	0	5.72363041700736	0	25.3475061324612	0	0	22.0768601798855	0	0	423.548650858545	0	0	0	7.35895339329518	0	24.5298446443173	0	0	0	100.572363041701	0	0	28.6181520850368	0	0	0	0	0	0	0	41.7007358953393	33.5241210139002	0	55.6009811937858	0	0	0	0	0	0	0	0	0	260.834014717907	0	0	0	0	262.469337694195	0	0	92.3957481602616	0	0	0	0	0	0	0	0	22.8945216680294	0	0	31.0711365494685	0	0	0	0	0	0	0	26.1651676206051	0	0	0	0	0	0	0	0	38.4300899427637	0	0	0	0	0	0	0	0	0	0	0	0	0	0	0	0	0	0	0
74-A	0	514.148889856334	0	0	0	0	0	2937.30953417501	0	0	0	0	10.0130605137135	0	0	1135.39399216369	0	0	1472.35524597301	0	0	0	0	0	0	0	0	0	0	0	1104.0487592512	0	0	0	965.171963430562	0	0	0	0	0	0	0	0	0	0	0	0	0	0	0	0	0	0	0	0	0	0	0	0	0	0	0	0	0	0	0	0	0	0	0	0	0	0	0	0	0	0	0	0	0	0	0	0	0	0	0	0	0	0	0	0	0	0	0	0	0	0	0	0	0	0	0	0	0	0	0	0	0	0	0	0.87070091423596	0	0	0	0	0	0	0	0	0	0	0	0	0	252.06791467131	0	0	0	0	0	0	0	0	0	0	0	0	0	0	0	0	0	0	0	50.9360034828037	0	0	171.963430561602	0	0	0	0	0	0	0	0	0	0	0	0	0	0	0	0	0	0	0	0	0	0	0	0	0	0	0	0	0	0	0	0	0	0	0	0	0	0	0	0	0	0	0	0	0	0	0	0	0	0	0	0	0	0	0	0	0	0	0	0	0	0	0	0	0
96-P	750	1386.29737609329	79.4460641399417	4809.03790087463	0	292.274052478134	856.413994169096	10.932944606414	0	19.6793002915452	288.629737609329	696.793002915452	0	0	5.10204081632653	455.539358600583	177.113702623907	0	850.583090379009	34.2565597667638	0	5.83090379008746	139.212827988338	0	0	104.956268221574	0	0	0	0	0	49.5626822157434	0	636.297376093294	0	40.8163265306122	26.9679300291545	29.1545189504373	0	2.91545189504373	61.9533527696793	4.3731778425656	180.02915451895	146.501457725948	0	43.002915451895	0	10.932944606414	328.717201166181	4.3731778425656	394.314868804665	1.45772594752187	194.606413994169	0	127.551020408163	10.932944606414	0	45.9183673469388	0	0	0	0	0	295.918367346939	26.2390670553936	34.2565597667638	0	77.9883381924198	0	0	2.1865889212828	0	0	0	223.760932944606	0	67.0553935860058	149.416909620991	0	339.650145772595	285.714285714286	0	198.250728862974	46.6472303206997	0	64.1399416909621	3.64431486880466	158.163265306122	0	276.967930029155	8.01749271137026	0	0	5.83090379008746	30.6122448979592	214.285714285714	152.332361516035	40.0874635568513	40.8163265306122	36.4431486880466	92.5655976676385	41.5451895043732	0	29.1545189504373	46.6472303206997	0	0	0	0	17.4927113702624	34.9854227405248	0	0	0	45.1895043731778	0	0	0	304.66472303207	0	0	0	178.571428571429	64.1399416909621	0	0	12.3906705539359	7.28862973760933	0	29.8833819241982	86.0058309037901	0	0	0	0	8.01749271137026	0	37.9008746355685	6.5597667638484	0	57.5801749271137	74.3440233236152	0	0	26.2390670553936	30.6122448979592	57.5801749271137	24.7813411078717	8.01749271137026	15.3061224489796	0	0	0	52.4781341107872	34.9854227405248	0	0	0	0	0	0	21.1370262390671	0	0	0	0	0	0	0	0	0	0	0	0	6.5597667638484	13.1195335276968	72.1574344023324	0	0	0	0	107.142857142857	0	0	46.6472303206997	0	0	0	0	0	0	0	0	37.9008746355685	0	0	0	5.83090379008746	12.3906705539359	0	0	0	2.91545189504373	0	0	1.45772594752187	24.7813411078717	0	16.7638483965015	13.1195335276968	0	0	0
100-A	0	138.845553822153	1250.39001560062	140.795631825273	92.4336973478939	0	0	0	0	0	0	0	87.1684867394696	0	0	87.5585023400936	0	667.316692667707	131.045241809672	0	0	596.91887675507	18.1357254290172	0	0	0	0	0	0	497.464898595944	0	0	43.6817472698908	0	10.9204368174727	0	0	423.946957878315	0	0	393.720748829953	0	0	133.775351014041	363.689547581903	0	0	0	0	0	0	0	138.065522620905	0	0	299.531981279251	0	84.6333853354134	38.0265210608424	110.959438377535	110.374414976599	0	0	0	0	126.560062402496	0	0	14.0405616224649	0	0.390015600624025	0	0	0	0	0	59.2823712948518	0	0	222.113884555382	0	217.433697347894	19.1107644305772	0	195.202808112324	70.2028081123245	0	0	0	9.94539781591264	180.1872074883	177.652106084243	0	35.8814352574103	0	0	0	0	0	0	0	0	0	0	0	0	0	55.3822152886115	37.8315132605304	137.870514820593	0	0	0	0	0	0	0	0	0	0	0	0	0	0	0	0	0	0	76.8330733229329	89.3135725429017	0	62.402496099844	0	0	0	9.75039001560062	0	0	0	0	0	0	0	0	0	0	0	0	0	0	0	0	0	0	0	0	47.386895475819	0	0	0	0	0	0	57.5273010920437	0	0	0	0	0	0	27.4960998439938	0	0	0	18.5257410296412	0	0	0	0	0	0	0	0	0	0	0	0	0	0	0	0	0	0	0	0	0	0	0	0	17.1606864274571	0	0	10.7254290171607	0	0	0	0	0	0	0	0	0	0
79-A	68.9655172413793	121.245828698554	6317.01890989989	232.480533926585	0	0	80.0889877641824	0	40.0444938820912	58.9543937708565	233.592880978865	0	0	1567.29699666296	1614.01557285873	278.086763070078	4.44938820912125	0	228.031145717464	0	0	2812.01334816463	0	342.602892102336	0	0	941.045606229143	458.286985539488	274.749721913237	537.26362625139	5.56173526140156	0	0	37.8197997775306	149.054505005562	175.750834260289	0	18.9098998887653	0	0	707.452725250278	0	0	7.78642936596218	0	0	0	0	0	212.458286985539	25.5839822024472	0	0	0	109.010011123471	0	0	0	181.312569521691	0	325.917686318131	0	0	0	0	0	0	0	0	0	0	0	0	0	0	5.56173526140156	0	56.7296996662959	271.412680756396	18.9098998887653	0	0	0	42.2691879866518	201.334816462736	61.1790878754171	0	48.9432703003337	126.807563959956	0	101.223581757508	160.177975528365	0	0	0	0	7.78642936596218	0	8.89877641824249	61.1790878754171	0	0	0	0	22.2469410456062	0	0	110.122358175751	278.086763070078	0	0	0	37.8197997775306	72.3025583982202	0	0	0	0	0	0	0	114.571746384872	0	0	0	0	30.0333704115684	0	0	42.2691879866518	0	0	0	65.6284760845384	0	0	4.44938820912125	0	0	0	0	0	0	0	0	0	15.5728587319244	0	233.592880978865	0	0	12.2358175750834	26.6963292547275	0	0	0	0	0	12.2358175750834	0	0	155.728587319244	0	85.650723025584	16.6852057842047	92.3248053392659	317.018909899889	0	0	0	0	5.56173526140156	14.460511679644	13.3481646273637	10.0111234705228	0	0	0	0	0	0	0	0	0	0	0	0	0	0	0	0	0	0	0	0	0	28.9210233592881	0	0	0	40.0444938820912	0	0	80.0889877641824	0	0	0	0	10.0111234705228	0	0	12.2358175750834	0
75-P	129.365469749139	815.543531726513	1334.97294638465	271.028037383178	15.4943433349729	128.873585833743	302.262666010821	0	15.002459419577	82.1446138711264	92.4741760944417	66.4043285784555	24.3482538121003	450.565666502705	460.157402852927	89.7688145597639	114.363010329562	0	242.498770290212	74.028529267093	265.86325627152	291.195277914412	135.022134776193	0	166.010821446139	16.4781111657649	210.526315789474	20.6591244466306	0	0	0	28.5292670929661	0	52.1396950319725	39.3507132316773	163.797343826857	16.4781111657649	7.62420068863748	0	64.9286768322676	55.8288243974422	0	14.510575504181	60.2557796360059	4.18101328086572	44.761436301033	0	78.2095425479587	131.333005410723	15.4943433349729	0	8.8539104771274	52.1396950319725	0	41.5641908509592	0	0	0	206.09936055091	0	0	0	344.810624692573	79.1933103787506	84.3580914904083	116.084604033448	6.64043285784555	25.5779636005903	10.3295622233153	0	101.082144613871	0	106.738809640925	2.45941957697983	3.93507132316773	22.6266601082145	85.8337432365962	0	0	8.8539104771274	58.780127889818	6.14854894244958	230.693556320708	11.5592720118052	0	60.5017215937039	9.34579439252336	26.5617314313822	0	65.9124446630595	22.1347761928185	7.87014264633547	89.5228726020659	110.427939006394	13.0349237579931	26.5617314313822	2.70536153467782	13.7727496310871	35.6615838662076	13.5268076733891	0.491883915395967	61.4854894244958	7.62420068863748	36.6453516969995	0	59.272011805214	10.3295622233153	0	25.8239055582882	3.19724545007378	27.7914412198721	0	20.6591244466306	0	19.1834727004427	62.4692572552878	81.4067879980325	42.7939006394491	4.67289719626168	0	0	0	40.8263649778652	86.3256271519921	0	21.6428922774225	21.6428922774225	33.4481062469257	36.6453516969995	34.6778160354156	32.2183964584358	33.2021642892277	0	0	124.692572552878	29.758976881456	55.8288243974422	12.7889818002951	7.13231677324152	117.314313821938	112.14953271028	3.19724545007378	30.2508607968519	16.2321692080669	0	38.1210034431874	33.9399901623217	0	11.5592720118052	6.14854894244958	0	0	90.9985243482538	0	13.2808657156911	90.2606984751599	8.36202656173143	0	37.6291195277914	32.4643384161338	0	0	66.6502705361535	0	0	0	13.0349237579931	0	14.510575504181	0	0	9.09985243482538	25.8239055582882	2.21347761928185	16.4781111657649	33.6940482046237	8.36202656173143	0	0	1.72159370388588	0	0	12.5430398425971	0	18.1997048696508	1.4756517461879	0	0	8.60796851942941	0	8.11608460403345	26.3157894736842	0	11.3133300541072	37.8750614854894	36.1534677816035	13.2808657156911	0	0	0	0	17.4618789965568	18.6915887850467	0	2.21347761928185	0	12.0511559272012	17.2159370388588	0	9.34579439252336	0	8.8539104771274	0
84-A	61.3333333333333	437.333333333333	12946.6666666667	104	14224	0	261.333333333333	0	0	200	170.666666666667	10.6666666666667	0	5997.33333333333	0	1184	0	0	8709.33333333333	0	0	0	8032	0	0	0	16	2888	0	0	0	0	0	0	237.333333333333	0	0	0	5.33333333333333	5541.33333333333	0	0	0	304	0	0	0	0	0	0	0	0	50.6666666666667	0	64	0	0	0	453.333333333333	0	1672	0	0	752	0	13.3333333333333	0	0	0	0	0	0	0	0	0	0	0	0	0	0	0	0	0	66.6666666666667	0	13.3333333333333	2594.66666666667	40	0	0	0	0	0	0	0	0	0	0	42.6666666666667	0	0	16	0	0	0	0	0	0	0	0	0	0	128	0	0	0	0	0	0	0	0	0	0	0	0	0	0	0	0	0	0	0	0	0	0	0	0	0	0	0	0	0	0	48	0	90.6666666666667	112	18.6666666666667	498.666666666667	0	0	0	0	0	0	0	0	0	0	0	0	0	0	0	0	0	0	0	0	0	0	85.3333333333333	0	0	0	0	0	0	0	0	0	0	0	0	0	0	0	0	0	13.3333333333333	0	0	0	0	0	0	0	0	0	0	0	0	0	0	0	0	0	0	0	0	0	0	0
79-P	549.107142857143	1867.06349206349	489.087301587302	2568.94841269841	0	0	1533.23412698413	14.3849206349206	0	313.988095238095	2523.31349206349	59.5238095238095	0	5.95238095238095	0	1115.07936507937	198.412698412698	0	623.511904761905	49.6031746031746	0	0	0	0	0	9.42460317460317	0	52.5793650793651	0	0	0	0	0	346.72619047619	0	31.25	0	257.440476190476	0	0	0	0	0	119.543650793651	0	38.1944444444444	0	59.5238095238095	0	0	0	2.48015873015873	16.3690476190476	157.738095238095	103.174603174603	0	22.3214285714286	39.1865079365079	0	0	0	0	0	688.492063492063	22.8174603174603	0	0	59.0277777777778	0	0	0	0	0	0	126.984126984127	59.5238095238095	0	14.3849206349206	0	241.56746031746	144.84126984127	0	0	440.47619047619	0	0	0	0	0	15.8730158730159	0	0	37.202380952381	0	62.5	0.992063492063492	122.02380952381	0	124.007936507937	343.253968253968	0	16.3690476190476	0	0	25.297619047619	0	0	0	0	0	7.44047619047619	0	216.765873015873	28.2738095238095	163.194444444444	0	162.698412698413	0	48.6111111111111	0	0	0	123.015873015873	0	0	0	0	0	0	0	0	0	0	0	0	0	0	0	0	0	34.7222222222222	0	0	0	36.2103174603175	203.869047619048	102.678571428571	5.95238095238095	27.7777777777778	0	32.7380952380952	0	0	0	0	0	0	0	0	0	0	67.4603174603175	0	0	102.678571428571	0	0	0	0	22.3214285714286	0	0	0	0	0	0	0	70.4365079365079	29.265873015873	0	0	24.3055555555556	0	0	39.6825396825397	0	0	0	0	0	0	75.8928571428571	0	0	0	0	0	0	0	10.4166666666667	0	0	0	0	0	0	0	0	0	0	0	0	0
82-P	101.9481747683	849.442027614905	956.3079250993	384.906374125213	19.6708908643843	98.3544543219217	32.5326271987895	0	2.26971817665973	10.970304520522	59.580102137318	59.7692453187063	0	7.18744089275582	0	53.527520332892	170.039720068092	0	97.0304520522035	100.624172498581	0	151.12540192926	11.7268772460753	0	53.3383771515037	0	36.8829203707206	35.7480612823908	0	16.0771704180064	0	20.2383204085493	0	22.508038585209	5.29600907887271	197.843767732173	0	0	0	8.7005863438623	0	0	5.67429544164933	66.2001134859088	0	43.5029317193115	0	183.65802912805	334.026858331757	35.5589181010025	24.5886135804804	2.64800453943635	35.3697749196142	113.296765651598	22.3188954038207	0	28.3714772082466	0.945715906941555	34.6132021940609	0	15.1314545110649	14.3748817855116	134.102515604312	194.81747682996	94.7607338755438	121.240779269907	11.1594477019103	30.4520522035181	0	0	0	0	25.3451863060337	0	12.8617363344051	150.747115566484	43.1246453565349	0	0	0	210.894647247967	0	150.368829203707	33.6674862871194	47.474938528466	46.9075089843011	22.1297522224324	106.487611121619	0	108.189899754114	131.0762247021	18.7251749574428	3.97200680915453	12.4834499716285	0	163.041422356724	29.6954794779648	147.153395120106	20.8057499527142	0	17.022886324948	104.028749763571	4.35029317193115	14.5640249668999	7.18744089275582	0	46.9075089843011	0	0	0	27.4257613013051	0	88.1407225269529	0	40.8549271798752	18.7251749574428	18.1577454132779	125.969358804615	41.989786268205	12.8617363344051	0	0	0	46.1509362587479	0	108.56818611689	0	15.5097408738415	62.7955362209192	95.3281634197087	71.8744089275582	0	5.67429544164933	0	72.8201248344997	6.62001134859088	0	57.8778135048232	90.4104407036126	30.4520522035181	22.1297522224324	0	82.6555702666919	9.64630225080386	0	37.4503499148856	18.3468885946662	0	16.0771704180064	0	0	0	71.8744089275582	0	66.9566862114621	9.26801588802724	20.4274635899376	0	42.3680726309817	0	6.62001134859088	13.996595422735	58.2560998675998	0	23.6428976735389	0	0	0	9.45715906941555	8.51144316247399	0	0	12.8617363344051	4.72857953470777	31.7760544732362	0	0	2.08057499527142	0	40.8549271798752	0	0	37.4503499148856	0	26.4800453943635	0	0	0	0	18.1577454132779	0	0	31.9651976546245	31.7760544732362	30.4520522035181	0	0	0	24.2103272177038	0	0	12.4834499716285	6.62001134859088	0	0	11.537734064687	0.945715906941555	12.1051636088519	0	0	0	10.2137317949688	0.567429544164933
85-P	375.186011904762	897.321428571429	470.052083333333	199.032738095238	24.5535714285714	0	271.949404761905	222.65625	0	85.1934523809524	177.641369047619	83.7053571428571	155.877976190476	0	0	68.6383928571428	0	0	160.15625	0	40.1785714285714	0	0	0	0	188.802083333333	0	32.5520833333333	0	148.4375	212.797619047619	0	0	69.3824404761905	0	0	0	0	0	0	30.5059523809524	37.5744047619048	41.4806547619048	80.171130952381	0	0	0	0	0	0	0	0	60.453869047619	0	47.2470238095238	0	0	0	0	0	0	0	0	0	68.6383928571428	0	0	0	0	0	0	0	0	0	45.9449404761905	76.8229166666667	105.46875	0	0	0	0	0	0	117.373511904762	0	0	0	18.0431547619048	0	79.0550595238095	0	0	12.8348214285714	0	0	54.3154761904762	41.108630952381	28.4598214285714	50.78125	0	45.9449404761905	78.3110119047619	0	0	0	59.3377976190476	53.9434523809524	0	0	0	0	0	59.5238095238095	11.5327380952381	0	0	0	0	90.4017857142857	75.7068452380952	0	0	36.6443452380952	22.3214285714286	0	35.5282738095238	0	106.212797619048	0	0	35.15625	0	0	0	0	4.27827380952381	0	0	0	0	0	0	0	0	0	0	11.71875	0	33.296130952381	0	33.8541666666667	0	0	0	0	0	66.7782738095238	66.2202380952381	12.2767857142857	0	0	0	0	0	2.23214285714286	0	0	0	0	0	0	0	0	0	0	0	0	0	0	0	0	0	0	36.8303571428571	0	0	0	0	0	0	0	0	0	0	0	0	0	0	0	0	0	0	0	0	0	0	0	0	0	0	0	0	0
74-P	0	541.443350367693	250.779010345257	0	0	0	453.446341767419	200.548423283061	0	0	0	0	561.1367318958	0	0	234.949520129627	0	0	0	0	0	0	0	0	0	0	0	176.617225476754	0	0	0	0	82.388134114421	0	0	0	0	0	0	0	88.3709335659978	0	0	233.07989530101	0	0	0	0	0	0	0	0	205.035522871744	144.459678424529	0	0	185.591424654119	0	0	0	0	180.231833478749	0	0	0	0	0	0	0	0	0	0	156.175994017201	0	0	0	0	0	0	0	0	0	0	0	0	0	0	0	0	58.0830113423906	0	0	0	0	0	0	104.325065436869	0	0	0	0	0	0	0	0	0	0	0	0	0	0	0	0	0	0	0	0	0	0	0	0	0	0	0	0	0	0	0	0	0	0	0	0	1.99426648385891	0	0	0	0	0	0	0	0	0	0	0	0	7.35385765922971	0	0	0	0	0	0	0	0	0	0	0	0	0	0	0	0	0	0	0	0	0	0	0	0	0	0	0	0	0	0	0	0	0	0	0	0	0	0	0	0	0	0	0	0	0	0	0	0	0	0	0	0	0	0	0	0	0	0	0	0	0	0	0	0	0	0
89-P	86.0805860805861	2535.40903540904	259.46275946276	850.42735042735	51.2820512820513	0	775.335775335775	0	0	1000	133.699633699634	222.832722832723	21.978021978022	74.4810744810745	0	81.1965811965812	848.595848595849	0	125.763125763126	120.879120879121	17.7045177045177	0	0	0	0	44.5665445665446	0	44.5665445665446	0	0	7.32600732600733	0	0	434.676434676435	23.1990231990232	0	0	41.5140415140415	0	48.2295482295482	35.4090354090354	12.8205128205128	0	56.1660561660562	0	0	0	154.456654456654	36.6300366300366	0	25.6410256410256	315.018315018315	382.173382173382	0	0	0	0	0	51.8925518925519	0	0	0	0	52.5030525030525	32.967032967033	0	0	345.543345543346	0	20.7570207570208	24.4200244200244	0	186.202686202686	0	386.446886446886	0	0	0	10.989010989011	26.8620268620269	0	0	0	9.15750915750916	0	0	0	0	0	190.47619047619	0	0	92.7960927960928	0	126.373626373626	11.5995115995116	173.992673992674	0	0	0	0	0	0	0	451.159951159951	0	31.1355311355311	5.49450549450549	0	0	193.528693528694	78.7545787545788	0	0	416.971916971917	36.019536019536	0	30.5250305250305	196.581196581197	0	0	0	92.1855921855922	18.3150183150183	0	0	0	0	0	0	39.0720390720391	0	0	0	0	34.1880341880342	0	72.039072039072	36.6300366300366	0	0	0	0	0	37.2405372405372	32.967032967033	0	0	7.93650793650794	0	0	0	0	0	0	0	164.224664224664	0	0	0	9.15750915750916	0	0	0	0	0	0	0	0	164.224664224664	0	0	0	0	0	0	0	0	0	0	0	2.44200244200244	0	39.6825396825397	101.953601953602	0	0	0	6.71550671550672	0	0	0	0	0	0	0	0	0	0	0	0	0	0	0	0	0	0	0	0	32.967032967033	0	0	0
94-A	0	0	1141.75612441508	0	0	0	0	969.446738232865	0	0	0	0	254.335260115607	0	0	0	0	0	0	0	283.512248830168	0	0	0	0	0	0	0	0	0	0	0	0	0	0	0	0	0	0	0	0	0	0	268.097990641343	0	0	0	0	0	0	0	0	0	0	0	0	0	0	0	0	0	0	0	0	0	0	0	0	365.813377374071	0	0	0	0	0	0	0	0	0	197.632810349573	0	0	0	0	0	0	0	0	0	0	0	0	0	0	0	0	0	0	0	0	0	0	0	0	0	0	0	0	197.357555739059	0	0	0	0	0	0	0	0	0	0	0	0	0	0	0	0	0	0	0	0	0	0	0	0	0	0	0	0	0	0	0	0	0	0	0	0	0	0	82.5763831544178	0	0	0	0	0	0	0	0	0	0	0	0	0	0	0	0	0	0	0	0	0	0	0	0	0	0	0	0	0	0	0	0	0	0	0	0	0	0	0	0	0	0	0	0	0	0	0	0	0	0	0	0	0	0	0	0	0	0	0	0	0	0	0	0	0	0
85-A	0	639.668932899793	394.620159621638	0	0	0	0	1195.38870824712	689.624593556015	0	67.3958025421224	0	0	0	0	180.017735737511	0	0	5.6163168785102	480.04729530003	0	0	0	0	0	0	122.967780076855	0	0	0	0	663.907774164942	0	0	0	0	0	0	0	0	96.9553650605971	578.776234111735	0	0	0	0	525.569021578481	0	0	0	0	0	266.922849541827	0	0	0	0	0	0	0	0	0	0	0	0	0	0	0	0	0	0	0	0	0	0	0	0	0	0	0	0	0	0	0	0	0	147.502216967189	0	0	0	0	0	0	0	0	0	0	0	0	0	0	0	0	0	0	0	0	0	0	0	0	0	0	0	0	0	0	0	0	0	0	0	0	0	0	0	0	0	0	0	0	0	0	0	0	0	0	0	0	0	0	0	0	0	0	0	0	0	0	0	112.621933195389	0	0	0	0	0	0	0	0	0	0	0	0	0	0	0	0	0	0	0	0	0	0	0	0	0	0	0	0	0	0	0	0	0	0	0	0	0	0	0	0	0	0	0	0	0	0	0	0	0	0	0	0	0	0	0	0	0	0	0	0	0	0
83-A	0	400.417645523362	0	0	0	0	0	1017.22787783868	0	0	0	0	298.355520751762	0	120.33411641869	0	213.260245366745	571.913338553902	0	0	0	0	0	0	0	710.519446619682	47.7682067345341	0	0	268.598277212216	0	0	252.936570086139	0	0	0	0	325.502479770295	0	0	167.580266249021	0	0	135.473766640564	427.564604541895	0	0	0	0	0	0	0	0	9.13599582354477	375.358914121639	48.8123205429392	28.1910728269381	0	0	0	0	0	0	0	0	0	0	0	71.5217958757505	0	0	0	0	0	0	0	0	0	0	0	0	0	0	0	0	0	0	0	0	0	0	0	0	0	0	0	0	0	0	0	0	0	0	0	0	0	0	0	0	0	0	0	0	0	0	178.021404333072	0	0	0	0	0	0	0	0	0	0	149.04724614983	0	0	104.672409292613	0	0	0	0	0	0	0	0	0	0	0	0	0	0	0	0	0	0	0	0	0	99.4518402505873	0	0	0	0	0	0	0	0	0	0	0	0	0	0	0	0	0	0	0	0	0	0	0	0	0	0	0	18.0109631949883	0	0	0	0	0	0	0	0	0	0	0	0	0	0	0	0	0	0	0	0	0	0	0	0	0	0	0	0	0	0	0	0	0
90-A	115.292996665079	49.0709861838971	1808.48022868032	552.644116245831	30.0142925202477	1.90566936636494	42.877560743211	41.9247260600286	27.1557884707003	62.4106717484516	20.9623630300143	14.7689375893282	48.1181515007146	106.717484516436	0	51.9294902334445	87.660790852787	7.62267746545974	102.906145783707	0	0	495.950452596474	0	441.162458313483	142.448785135779	57.6464983325393	9.05192949023344	0	242.020009528347	181.991424487851	0	13.8161029061458	0	0	32.8727965697951	163.411148165793	0	13.3396855645545	205.812291567413	0	195.807527393997	0	0	8.09909480705098	0	0	7.14626012386851	0	0	90.9957122439257	0	0	45.2596474511672	0	0	0	16.6746069556932	8.57551214864221	22.8680323963792	98.6183897093854	138.637446403049	0	77.6560266793711	0	0	36.684135302525	2.8585040495474	0	0	253.454025726536	0	42.4011434016198	0	76.2267746545974	7.14626012386851	154.35921867556	0	0	193.901858027632	29.5378751786565	0	21.4387803716055	27.1557884707003	19.0566936636494	0	22.8680323963792	0	35.7313006193425	3.33492139113864	170.557408289662	184.373511195808	91.4721295855169	0	45.2596474511672	0	0	19.0566936636494	106.241067174845	58.5993330157218	0	26.6793711291091	32.8727965697951	0	22.8680323963792	3.81133873272987	0	32.8727965697951	0	89.0900428775607	2.8585040495474	36.684135302525	0	3.33492139113864	23.8208670795617	9.52834683182468	44.783230109576	0	0	58.1229156741305	0	67.174845164364	30.490709861839	0.952834683182468	0	0	14.292520247737	86.7079561696046	0	25.7265364459266	247.26060028585	38.58980466889	0	0	60.0285850404955	0	20.4859456884231	15.7217722725107	25.2501191043354	0	48.5945688423059	73.36827060505	0	0	0	0	66.2220104811815	0	0	21.9151977131968	2.8585040495474	0	0	0	0	0	0	33.3492139113864	0	40.9718913768461	31.4435445450214	8.09909480705098	70.9861838970939	0	37.1605526441162	105.764649833254	29.5378751786565	37.1605526441162	20.4859456884231	6.19342544068604	12.3868508813721	14.292520247737	12.8632682229633	33.3492139113864	0	18.5802763220581	0	46.2124821343497	0	0	0	3.81133873272987	3.81133873272987	37.1605526441162	0	0	0	91.9485469271081	2.38208670795617	6.19342544068604	0	26.2029537875179	21.4387803716055	0	0	0	0	0	30.9671272034302	35.2548832777513	0	3.33492139113864	7.14626012386851	38.58980466889	0	12.8632682229633	5.71700809909481	2.8585040495474	2.8585040495474	0	0	0	0	12.8632682229633
88-A	21.1470682473566	1200.25632809997	1193.52771547581	64.0820249919897	0	80.1025312399872	51.9064402435117	28.1960909964755	0	21.1470682473566	136.174303107978	49.983979493752	0	21.1470682473566	0	156.039730855495	1125.6007689843	0	409.163729573855	283.883370714515	0	296.699775712913	193.527715475809	0	0	132.970201858379	0	115.988465235501	0	70.1698173662288	0	0	4.80615187439923	173.982697853252	16.9817366228773	16.0205062479974	45.1778276193528	553.668695930791	0	21.7878884972765	110.221082986222	0.961230374879846	0	37.167574495354	0	267.862864466517	0	187.11951297661	34.6042934956745	0	0	537.648189682794	224.927907721884	27.8756808715155	40.6920858699135	0	0	32.0410124959949	14.0980454982377	0	69.2085869913489	0	0	247.35661646908	201.217558474848	18.583787247677	0	431.592438321051	29.1573213713553	0	0	0	192.246074975969	0	5.76738224927908	0	0	380.326818327459	0	22.7491188721564	99.3271387375841	21.4674783723166	21.1470682473566	184.55623197693	1.92246074975969	40.0512656199936	0	189.04197372637	0	21.7878884972765	0	37.167574495354	0	7.36943287407882	11.2143543735982	1.92246074975969	19.8654277475168	0	24.991989746876	0	259.532201217558	31.7206023710349	57.9942326177507	38.4492149951938	93.880166613265	0	0	0	0	25.312399871836	0	50.6247997436719	2.24287087471964	0	0	215.636014098046	48.3819288689523	16.0205062479974	9.29189362383851	0	0	0	0	23.0695289971163	15.3796859980775	0	58.3146427427107	0	11.5347644985582	73.3739186158283	13.7776353732778	0	0	0	0	161.166292854854	0	16.6613264979173	30.1185517462352	14.0980454982377	40.3716757449535	0	18.2633771227171	0	0	0	8.33066324895867	0	0.961230374879846	0	55.7513617430311	0	61.8391541172701	0	0	9.61230374879846	24.3511694969561	0	21.4674783723166	0	87.792374239026	0	0	0	0	0	36.2063441204742	0	0	24.3511694969561	0	85.8699134892663	0	0	79.4617109900673	0	2.56328099967959	18.904197372637	70.4902274911887	0	9.93271387375841	0	55.1105414931112	0	9.93271387375841	0	0	0	0	44.2165972444729	0	39.4104453700737	0	0	0.640820249919897	0	0	0	9.93271387375841	17.3021467478372	0	0	24.0307593719962	0	0	10.8939442486383	0	0	0	0	0	0	0
73-P	782.102728731942	575.842696629213	1105.53772070626	1489.96789727127	0	759.630818619583	1231.94221508828	0	231.540930979133	263.242375601926	430.979133226324	386.837881219904	0	5.21669341894061	0	18.0577849117175	201.845906902087	0	406.500802568218	118.378812199037	0	4.41412520064205	8.42696629213483	0	16.4526484751204	0	0	87.8812199036918	0	0	1.20385232744783	40.529695024077	0	110.353130016051	0	178.571428571429	0	19.2616372391653	0	0	3.6115569823435	16.4526484751204	18.0577849117175	107.142857142857	0	73.0337078651685	0	15.6500802568218	46.1476725521669	14.8475120385233	0	359.149277688604	159.309791332263	169.743178170144	0	0	0	0	72.23113964687	0	3.6115569823435	0	0	83.4670947030498	70.2247191011236	465.890850722311	15.6500802568218	22.4719101123596	0	0	0	0	18.0577849117175	0	0	465.890850722311	237.961476725522	0	0	42.9373996789727	26.083467094703	0	441.412520064205	62.199036918138	0	66.2118780096308	2.00642054574639	390.048154093098	0	378.00963081862	4.01284109149278	0	128.410914927769	0	16.0513643659711	146.067415730337	19.2616372391653	280.898876404494	0	15.6500802568218	5.61797752808989	305.77849117175	0	93.4991974317817	0	4.01284109149278	172.15088282504	0	30.4975922953451	7.223113964687	69.8234349919743	0	17.2552166934189	0	5.61797752808989	1.20385232744783	138.443017656501	129.614767255217	234.349919743178	259.630818619583	0	2.00642054574639	241.171749598716	20.8667736757624	0	169.341894060995	36.115569823435	0	50.561797752809	61.7977528089888	223.113964686998	0	2.80898876404494	0	0	36.5168539325843	0	201.043338683788	0	8.02568218298555	8.42696629213483	0	90.6902086677368	15.6500802568218	25.6821829855538	60.9951845906902	4.01284109149278	7.223113964687	33.7078651685393	0	0	0	28.892455858748	0	147.672552166934	140.850722311396	42.9373996789727	142.857142857143	136.436597110754	6.82182985553772	24.4783306581059	43.338683788122	74.2375601926164	0	3.6115569823435	0	0	4.81540930979133	8.82825040128411	0	0	0	105.939004815409	0	12.0385232744783	33.7078651685393	0	28.4911717495987	0	0	0	83.868378812199	14.446227929374	0	44.5425361155698	0	0.802568218298555	0	0	0	0	0	36.5168539325843	16.4526484751204	10.4333868378812	0	0	23.6757624398074	0	0	0	44.1412520064205	0	0	39.7271268057785	0	17.2552166934189	5.61797752808989	0	0	0	0	0
82-A	0	1636.81146439767	674.87684729064	0	0	0	0	67.1742051052396	0	0	0	0	126.28750559785	568.293775190327	462.606359158083	158.9789520824	0	0	50.1567398119122	96.2830273175101	15.6739811912226	768.025078369906	0	0	0	48.8132557098074	181.818181818182	117.778772951187	0	0	0	0	0	0	61.3524406627855	62.6959247648903	0	0	0	0	25.526197939991	0	6.71742051052396	103.448275862069	0	0	0	86.4308105687416	75.2351097178683	0	0	0	0	51.500223914017	235.557545902373	643.528884908195	20.1522615315719	0	43.8871473354232	660.098522167488	0	0	17.9131213613972	175.100761307658	117.778772951187	28.2131661442006	0	0	0	0	21.4957456336767	321.988356471115	51.0523958799821	188.983430362741	0	21.9435736677116	0	0	133.004926108374	0	91.3569189431258	0	0	0	18.3609493954322	0	0	0	434.393193013883	0	0	0	0	0	37.1697268248992	0	0	0	0	0	0	0	0	0	0	0	0	0	0	0	24.1827138378863	0	0	0	14.3304970891178	2.68696820420958	0	68.9655172413793	0	0	0	0	0	0	0	56.4263322884012	0	0	0	150.022391401702	0	0	0	0	233.766233766234	0	0	0	34.4827586206897	0	0	0	44.3349753694581	0	0	17.9131213613972	0	0	0	0	36.2740707568294	0	0	0	0	0	0	0	0	0	0	101.656963725929	14.7783251231527	132.109270040305	0	25.0783699059561	0	0	0	0	0	0	0	0	1.34348410210479	0	0	98.5221674876847	0	30.9001343484102	0	0	0	0	77.474249888043	0	0	45.230631437528	0	0	0	0	0	0	57.3219883564711	0	0	0	0	0	0	0	0	0	0	0	0	0	0	0	12.0913569189431	0	0
71-P	30.9191020753918	1433.29097839898	1296.90808979246	1147.39517153748	19.4832698009318	423.125794155019	176.196526895383	0	7.2003388394748	19.9068191444303	223.210504023719	94.0279542566709	47.0139771283354	736.128759000423	486.234646336298	197.797543413808	98.6869970351546	0	261.329944938585	620.499788225328	480.304955527319	4.23549343498518	30.0720033883947	0	0	28.8013553578992	394.32443879712	0	0	5.08259212198221	0	14.8242270224481	0	147.395171537484	71.1562897077509	55.9085133418043	13.5535789919526	368.911478187209	0	121.982210927573	138.500635324015	70.7327403642524	6.35324015247776	184.667513765354	0	22.0245658619229	0	31.7662007623888	24.565861922914	0	0	31.3426514188903	57.6027107157984	0	42.7784836933503	0	27.9542566709022	0	209.656925031766	1.69419737399407	0	0	30.9191020753918	165.184243964422	174.925878864888	35.5781448538755	32.6132994493858	132.147395171537	26.6836086404066	0	98.2634476916561	0	204.997882253282	0	50.4023718763236	46.5904277848369	18.2126217704363	0	0	17.3655230834392	121.135112240576	0	66.9207962727658	103.346039813638	0	15.6713257094451	22.4481152054214	12.7064803049555	0	55.4849639983058	0	0	64.8030495552732	116.899618805591	224.057602710716	39.3900889453621	27.5307073274036	32.6132994493858	9.31808555696739	0	9.7416349004659	48.7081745023295	0	28.3778060144007	33.0368487928844	0	43.6255823803473	0	0	0	69.4620923337569	0	4.23549343498518	0	37.2723422278695	26.6836086404066	31.7662007623888	0	52.9436679373147	52.5201185938162	0	0	21.6010165184244	67.7678949597628	21.6010165184244	26.6836086404066	6.77678949597628	0	10.5887335874629	4.23549343498518	42.3549343498518	67.3443456162643	1.27064803049555	0	5.08259212198221	5.92969080897925	85.133418043202	18.2126217704363	43.6255823803473	0	16.9419737399407	5.08259212198221	19.0597204574333	15.2477763659466	27.9542566709022	84.7098686997035	22.4481152054214	54.2143159678102	31.7662007623888	0	0	0	0	0	66.0736975857687	0	30.0720033883947	0	5.92969080897925	0	3.81194409148666	11.8593816179585	0	0	41.9313850063532	0	0	1.27064803049555	0	0	0	15.6713257094451	5.50614146548073	8.04743752647183	8.47098686997035	0	0	0	10.5887335874629	1.69419737399407	0	0	19.9068191444303	24.9894112664125	0	34.7310461668784	39.8136382888607	0	13.130029648454	5.08259212198221	4.23549343498518	0	5.08259212198221	0	0	0	22.87166454892	0	0	0	0	16.5184243964422	0	0	0	0	6.35324015247776	0	0	12.282930961457	0	0	0
91-A	19.6613872200983	356.08956854178	1807.20917531404	13.1075914800655	0	101.037684325505	0	9.83069361004915	0	228.836701256144	24.0305843801202	0	70.4533042053523	0	22.392135445112	15.8383397050792	140.360458765702	0	163.298743855816	27.3074822501365	0	252.321135991262	0	0	0	379.027853631895	0	27.8536318951393	0	53.5226652102676	0	67.7225559803386	0	149.098853085746	0	484.980884762425	0	0	0	11.4691425450573	56.799563080284	0	8.19224467504096	14.199890770071	0	14.199890770071	0	19.1152375750956	97.7607864554888	22.392135445112	6.00764609503004	43.1458219552157	261.059530311305	141.99890770071	44.2381212452212	0	28.399781540142	0	5.46149645002731	84.1070453304205	104.314582195522	0	62.2610595303113	94.4838885854724	25.1228836701256	361.004915346805	49.1534680502458	0	0	27.3074822501365	0	0	18.5690879300928	0	32.2228290551611	546.695794647733	27.3074822501365	10.9229929000546	0	7.64609503003823	7.64609503003823	17.4767886400874	29.4920808301475	191.698525395958	7.0999453850355	0	0	200.436919716002	0	265.97487711633	0	0	8.73839432004369	12.0152921900601	0	95.0300382304752	0	59.5303113052977	31.6766794101584	0	115.783724740579	134.352812670672	103.768432550519	0	0	33.3151283451666	158.383397050792	32.2228290551611	102.676133260513	0	380.120152921901	36.0458765701802	43.1458219552157	0	0	18.5690879300928	50.791916985254	61.7149098853086	78.6455488803932	49.6996176952485	0	0	25.6690333151283	0	0	42.0535226652103	43.1458219552157	43.1458219552157	10.9229929000546	3.82304751501912	60.0764609503004	0	0	0	0	21.8459858001092	0	11.4691425450573	60.6226105953031	5.46149645002731	0	0	129.98361551065	0	0	12.5614418350628	12.5614418350628	0	20.207536865101	0	0	0	0	18.5690879300928	0	0	34.407427635172	18.5690879300928	89.0223921354451	0	0	5.46149645002731	0	0	141.452758055707	0	22.392135445112	0	0	0	0	0	22.392135445112	7.64609503003823	47.5150191152376	0	20.207536865101	6.55379574003277	0	0	0	0	0	0	36.0458765701802	0	0	0	0	0	0	0	70.999453850355	0	28.399781540142	26.7613326051338	0	37.6843255051884	28.399781540142	0	0	0	0	2.18459858001092	49.6996176952485	0	22.392135445112	3.27689787001638	0	0	5.46149645002731	0	0
81-A	0	1253.22213798332	2363.15390447309	132.67626990144	184.988627748294	940.106141015921	0	0	0	18.1956027293404	81.8802122820318	0	0	0	7.58150113722517	193.328278999242	355.57240333586	0	479.909021986353	73.5405610310842	0	243.366186504928	76.5731614859742	0	1330.55344958302	0	48.5216072782411	8.33965125094769	0	3.79075056861259	0	0	0	172.858225928734	6.82335102350265	880.970432145565	0	7.58150113722517	0	53.0705079605762	132.67626990144	0	0	38.6656557998484	0	17.4374526156179	147.839272175891	10.6141015921152	44.7308567096285	0	1279.75739196361	49.2797573919636	0	0	208.491281273692	62.9264594389689	2.27445034116755	1124.33661865049	3.03260045489007	45.489006823351	0	10.6141015921152	63.6846095526914	143.290371493556	30.3260045489007	1041.69825625474	9.0978013646702	0	0	0	479.909021986353	0	7.58150113722517	0	45.489006823351	231.99393479909	0	340.40940106141	0	0	12.1304018195603	19.7119029567854	310.841546626232	26.5352539802881	12.8885519332828	757.391963608795	0	37.9075056861259	0	171.341925701289	11.3722517058378	0	0	71.2661106899166	676.269901440485	0	0	626.990144048522	13.6467020470053	72.0242608036391	0	16.6793025018954	0	0	0	0	12.1304018195603	37.9075056861259	0	16.6793025018954	46.2471569370735	0	105.38286580743	0	0	16.6793025018954	0	0	0	46.2471569370735	0	0	14.4048521607278	0	4.5489006823351	0	0	0	100.833965125095	131.159969673995	56.1031084154663	0	0	0	0	0	0	16.6793025018954	45.489006823351	42.456406368461	0	78.8476118271418	0	95.5269143290372	59.8938589840788	0	126.61106899166	291.129643669447	21.2282031842305	6.06520090978014	0	0	0	0	97.0432145564822	18.9537528430629	26.5352539802881	0	0	0	0	64.442759666414	0	0	7.58150113722517	0	0	0	0	0	0	0	0	0	41.6982562547384	31.8423047763457	0	0	13.6467020470053	7.58150113722517	0	0	0	0	15.9211523881729	0	0	0	0	0	18.9537528430629	0	0	22.7445034116755	1.51630022744503	0	0	0	0	0	0	29.5678544351782	40.1819560272934	0	0	0	0	0	1.51630022744503	18.9537528430629	0	0	0
97-A	0	148.546144121365	1934.89254108723	0	96.0809102402023	0	0	30.9734513274336	198.482932996207	0	0	32.8697850821745	75.8533501896334	419.089759797724	9.48166877370417	0	0	0	0	0	79.646017699115	1738.30594184576	0	65.1074589127686	75.8533501896334	39.1908975979772	0	478.50821744627	177.623261694058	864.09608091024	0	0	0	24.6523388116308	246.523388116308	54.9936788874842	30.3413400758533	27.8128950695322	1359.0391908976	0	290.139064475348	0	0	0	0	0	0	0	0	54.3615676359039	0	0	0	0	0	0	0	0	92.2882427307206	0	119.469026548673	37.2945638432364	414.664981036662	0	0	55.6257901390645	0	0	0	468.394437420986	0	0	0	525.916561314791	0	27.8128950695322	0	0	317.95195954488	0	0	0	20.2275600505689	0	44.8798988621997	0	0	0	0	41.7193426042984	0	0	0	0	0	0	0	22.1238938053097	0	0	0	0	35.3982300884956	0	0	29.7092288242731	49.3046776232617	0	35.3982300884956	0	0	0	0	0	0	58.1542351453856	0	0	0	0	0	0	6.95322376738306	0	0	0	18.9633375474083	0	0	36.6624525916561	0	0	0	63.2111251580278	0	0	0	65.1074589127686	0	7.58533501896334	54.3615676359039	0	43.6156763590392	0	0	20.8596713021492	0	0	0	0	0	0	24.0202275600506	0	0	0	0	0	0	0	0	0	22.1238938053097	0	0	0	0	73.3249051833123	0	0	169.405815423515	0	64.4753476611884	0	0	0	0	0	0	50.5689001264222	0	0	0	0	0	0	0	21.4917825537295	0	0	0	0	0	0	58.1542351453856	3.16055625790139	0	0	0	0	0	0	0	0	0	0	0	13.9064475347661	14.5385587863464	0	36.6624525916561	0	30.9734513274336
96-A	200.884396715098	121.288692356286	1670.24636765635	155.401137081491	0	53.0638029058749	109.917877447884	0	49.273531269741	0	15.7927984838913	68.2248894504106	14.52937460518	0	0	276.689829437776	300.694883133291	60.6443461781428	379.027163613392	0	0	161.086544535692	30.3221730890714	27.1636133922931	0	188.250157927985	282.375236891977	0	0	515.476942514214	0	33.4807327858497	0	39.7978521794062	46.7466835123184	101.073910296905	205.306380290587	225.521162349968	0	0	1191.40871762476	0	0	30.953885028427	17.6879343019583	0	0	0	27.1636133922931	22.1099178774479	74.5420088439672	0	137.081490840177	0	0	0	0	31.5855969677827	0	29.6904611497157	50.5369551484523	0	0	80.227416298168	0	156.664560960202	0	0	107.391029690461	0	0	0	0	0	0	0	0	93.4933670246368	0	18.319646241314	0	37.2710044219836	0	18.319646241314	144.030322173089	85.2811118130133	0	12.0025268477574	0	141.503474415666	0	0	0	0	24.0050536955148	0	20.2147820593809	0	33.4807327858497	26.5319014529375	42.3246999368288	0	0	206.569804169299	0	0	0	0	0	4.42198357548958	3.15855969677827	0	0	0	11.3708149084018	0	0	0	111.181301326595	0	0	0	19.5830701200253	74.5420088439672	0	0	96.651926721415	0	54.3272267845862	358.180669614656	36.0075805432723	121.920404295641	0	0	0	29.0587492103601	0	0	0	0	32.849020846494	0	0	0	0	48.0101073910297	17.0562223626027	36.0075805432723	46.7466835123184	0	15.7927984838913	24.6367656348705	0	234.996841440303	0	0	0	0	33.4807327858497	0	0	0	0	0	0	0	0	0	0	0	0	12.0025268477574	0	0	10.7391029690461	34.744156664561	0	0	46.1149715729627	0	29.0587492103601	25.2684775742262	0	0	0	0	0	0	0	0	0	0	0	0	0	0	17.0562223626027	0	0	0	0	0	0	0	0	0	0	0	8.84396715097915	0	0	0	0
73-A	24.6559633027523	321.100917431193	1244.26605504587	910.550458715596	0	9.74770642201835	147.935779816514	26.3761467889908	0	0	157.683486238532	111.811926605505	15.4816513761468	63.0733944954128	0	0	20.6422018348624	35.5504587155963	261.467889908257	25.802752293578	36.1238532110092	29.243119266055	202.981651376147	9.74770642201835	23.5091743119266	40.1376146788991	373.853211009174	14.9082568807339	0	6.88073394495413	0	0	0	18.9220183486239	0	330.275229357798	0	765.481651376147	12.6146788990826	24.0825688073394	47.0183486238532	207.56880733945	23.5091743119266	198.967889908257	237.385321100917	5.73394495412844	0	0	7.45412844036697	64.7935779816514	0	93.4633027522936	0	0	0	0	0	52.1788990825688	6.30733944954128	0	644.495412844037	0	77.408256880734	139.908256880734	0	0	7.45412844036697	0	10.894495412844	0	0	0	0	28.6697247706422	0	13.7614678899083	25.802752293578	0	0	0	0	0	68.2339449541284	25.2293577981651	53.3256880733945	81.4220183486239	49.8853211009174	114.678899082569	0	44.151376146789	0	0	190.940366972477	19.4954128440367	0	139.334862385321	13.1880733944954	0	47.0183486238532	0	50.4587155963303	27.5229357798165	8.02752293577982	68.2339449541284	0	0	0	13.1880733944954	0	29.243119266055	15.4816513761468	0	0	0	0	24.6559633027523	0	12.0412844036697	18.9220183486239	0	38.9908256880734	28.6697247706422	0	0	32.1100917431193	0	16.0550458715596	0	12.6146788990826	48.7385321100917	108.94495412844	0	0	0	0	0	6.88073394495413	84.2889908256881	0	0	0	0	50.4587155963303	0	63.0733944954128	0	59.0596330275229	33.8302752293578	34.9770642201835	0	10.894495412844	0	0	0	36.697247706422	0	0	24.6559633027523	0	0	71.1009174311927	63.6467889908257	41.2844036697248	0	0	0	12.0412844036697	0	0	0	0	0	76.8348623853211	0	47.0183486238532	0	31.5366972477064	0	0	0	123.853211009174	0	11.4678899082569	0	20.6422018348624	0	64.7935779816514	0	0	0	0	0	26.9495412844037	0	18.348623853211	0	4.58715596330275	53.8990825688073	0	20.0688073394495	0	0	0	0	0	51.0321100917431	0	0	0	0	0	0	18.9220183486239
78-P	27.5678079146287	847.043130280125	915.518008003557	228.990662516674	0	10.226767452201	64.0284570920409	0	27.5678079146287	208.092485549133	238.328145842597	4.8910626945309	0	13.7839039573144	5.78034682080925	8.44819919964429	8.89284126278346	0	276.567363272566	46.242774566474	2.66785237883504	67.1409515340151	568.697198755002	0	629.16851934193	0	0	244.108492663406	0	0	0	84.926634059582	0	45.3534904401956	0.889284126278346	276.567363272566	0	0	0	0	0	0	10.226767452201	23.121387283237	0	266.785237883504	0	32.0142285460205	16.4517563361494	0	465.540240106714	95.153401511783	72.9212983548244	0	85.8159181858604	0	0.889284126278346	10.226767452201	4.8910626945309	0	7.55891507336594	0	121.831925300133	118.27478879502	28.9017341040462	277.901289461983	0	59.5820364606492	0	1.77856825255669	0	0	145.39795464651	0	13.3392618941752	84.0373499333037	45.3534904401956	0	0	72.032014228546	174.299688750556	4.44642063139173	77.8123610493553	238.772787905736	0	13.3392618941752	29.3463761671854	140.506891951979	0	167.185415740329	39.1285015562472	0	390.395731436194	0	0	64.9177412183193	0	243.219208537128	85.3712761227212	96.0426856380614	21.3428190306803	31.5695864828813	0	24.8999555357937	0	26.6785237883504	117.385504668742	0	0	3.55713650511338	44.4642063139173	0	34.2374388617163	0	0	0	137.839039573144	0	46.242774566474	33.348154735438	3.55713650511338	0	85.8159181858604	66.696309470876	0	29.7910182303246	38.683859493108	0	41.3517118719431	14.6731880835927	68.9195197865718	0	0	0	19.5642507781236	41.3517118719431	0	50.6891951978657	45.7981325033348	0	0	1.33392618941752	0	193.863939528679	0	26.6785237883504	14.2285460204535	0	93.3748332592263	52.9124055135616	0	0	87.1498443752779	99.5998221431747	29.7910182303246	0	0	127.612272120943	104.490884837706	6.66963094708759	0	0	0	0	16.4517563361494	0	2.22321031569586	4.8910626945309	0	23.5660293463762	0	0	26.2338817252112	4.44642063139173	19.1196087149844	108.048021342819	27.5678079146287	0	0	0	0	5.33570475767007	0	0	9.33748332592263	86.7052023121387	0	0	0	16.4517563361494	0	0	0	0	25.3445975989329	16.0071142730102	0	28.0124499777679	29.3463761671854	0	0	44.4642063139173	4.00177856825256	0	0	0	0	24.0106714095153	10.6714095153401	0	0	0	0
77-P	0	347.29381443299	1307.34536082474	173.969072164948	18.6855670103093	220.360824742268	0	0	69.5876288659794	94.7164948453608	85.6958762886598	0	0	2.57731958762887	20.6185567010309	119.845360824742	132.087628865979	0	208.118556701031	23.840206185567	25.1288659793814	184.278350515464	0	14.1752577319588	112.113402061856	0	156.572164948454	73.4536082474227	0	2.57731958762887	0	3.8659793814433	0	0	0	315.077319587629	0	678.479381443299	0	56.701030927835	72.1649484536082	0	0	4.51030927835052	1.93298969072165	0	0	0	0	49.6134020618557	134.664948453608	0	75.3865979381443	684.922680412371	171.39175257732	0	233.247422680412	0	19.9742268041237	0	65.0773195876289	40.5927835051546	0	871.778350515464	0	193.298969072165	2.57731958762887	0	0	0	43.1701030927835	0	243.556701030928	4.51030927835052	165.592783505155	0	0	0	0	66.3659793814433	0	61.2113402061856	206.829896907216	460.69587628866	0	304.123711340206	0	376.932989690722	0	106.314432989691	0	29.639175257732	585.69587628866	14.1752577319588	0	0	0	39.9484536082474	152.70618556701	0	25.1288659793814	15.4639175257732	72.8092783505155	41.2371134020619	16.7525773195876	0	0	0	0	35.4381443298969	0	0	9.02061855670103	21.9072164948454	3.8659793814433	9.66494845360825	0	0	38.0154639175258	71.520618556701	24.4845360824742	0	0	0	12.2422680412371	28.9948453608247	0	5.15463917525773	145.618556701031	146.907216494845	161.726804123711	0	0	0	0	34.7938144329897	0	91.4948453608247	67.0103092783505	55.4123711340206	0	17.3969072164948	0	67.6546391752577	0	51.5463917525773	9.02061855670103	0	0	21.9072164948454	0	0	0	0	197.809278350515	8.37628865979381	0	0	25.7731958762887	0	0	27.0618556701031	56.701030927835	0	0	0	16.1082474226804	0	0	0	4.51030927835052	0	0	0	113.40206185567	7.7319587628866	72.1649484536082	0	48.9690721649485	9.66494845360825	0	7.08762886597938	25.1288659793814	1.28865979381443	0	19.9742268041237	0	0	0	0	10.9536082474227	35.4381443298969	17.3969072164948	20.6185567010309	1.28865979381443	0	0	61.2113402061856	0	80.5412371134021	0	0	70.8762886597938	0	0	0	0	0	18.6855670103093	0	0	0	10.9536082474227
90-P	262.406015037594	1100	733.082706766917	1382.70676691729	0	0	355.639097744361	0	0	60.1503759398496	724.06015037594	357.894736842105	28.5714285714286	0	0	216.541353383459	203.759398496241	0	222.556390977444	296.992481203008	5.26315789473684	36.8421052631579	0	0	129.323308270677	0	0	6.76691729323308	0	3.00751879699248	0	0	0	393.233082706767	0	63.9097744360902	0	0	0	0	0	20.3007518796992	0	233.834586466165	0	21.0526315789474	0	159.398496240602	0	6.01503759398496	0	186.466165413534	41.3533834586466	0	41.3533834586466	0	0	0	15.0375939849624	94.7368421052632	0	0	100	0	351.127819548872	28.5714285714286	9.02255639097744	109.022556390977	0	0	0	0	0	0	30.8270676691729	127.81954887218	0	0	0	101.503759398496	401.503759398496	0	39.0977443609023	75.9398496240601	15.0375939849624	0	98.4962406015038	106.766917293233	0	60.1503759398496	15.0375939849624	23.3082706766917	17.2932330827068	4.51127819548872	0	0	115.789473684211	54.1353383458647	71.4285714285714	21.0526315789474	0	106.766917293233	0	0	0	15.0375939849624	101.503759398496	0	9.77443609022556	0	60.9022556390977	0	0	0	39.8496240601504	0	0	0	125.563909774436	0	0	0	0	24.812030075188	0	22.5563909774436	12.0300751879699	42.1052631578947	75.187969924812	32.3308270676692	50.3759398496241	0	1.50375939849624	0	0	0	0	27.0676691729323	0.75187969924812	0	24.0601503759398	36.8421052631579	0	0	57.1428571428571	31.578947368421	0	0	11.2781954887218	9.02255639097744	0	0	0	0	45.1127819548872	0	108.270676691729	0	23.3082706766917	32.3308270676692	0	17.2932330827068	19.5488721804511	0	158.646616541353	0	0	0	0	0	0	0	0	0	0	0	33.8345864661654	89.4736842105263	0	12.781954887218	0	25.5639097744361	53.3834586466165	0	34.5864661654135	43.609022556391	57.8947368421053	0	0	0	0	24.812030075188	22.5563909774436	0	0	0	0	78.1954887218045	57.1428571428571	0	0	8.27067669172932	0	0	0	0	12.0300751879699	0	0	0	0	5.26315789473684	0
91-P	151.709401709402	498.931623931624	565.17094017094	40.5982905982906	0	902.777777777778	51.2820512820513	30.982905982906	70.5128205128205	87.6068376068376	19.2307692307692	29.9145299145299	47.542735042735	6.41025641025641	0	34.7222222222222	0	0	396.367521367521	33.6538461538462	0	27.2435897435897	113.247863247863	0	40.0641025641026	0	0	0	0	0	24.5726495726496	53.9529914529914	9.61538461538461	56.6239316239316	0	78.525641025641	0	0	0	0	0	0	0	35.2564102564103	0	26.7094017094017	0	0	0	0	26.1752136752137	0	103.098290598291	0	198.717948717949	0	0	0	0	46.474358974359	0	0	53.4188034188034	22.4358974358974	28.3119658119658	168.803418803419	198.717948717949	0	0	0	0	0	0	0	49.1452991452991	269.230769230769	639.423076923077	0	0	0	5.34188034188034	0	139.423076923077	126.068376068376	0	11.7521367521368	0	184.82905982906	0	227.564102564103	0	0	0	0	0	34.7222222222222	13.8888888888889	25.1068376068376	18.1623931623932	0	0	137.820512820513	0	0	0	0	243.055555555556	0	0	0	76.9230769230769	0	49.1452991452991	0	0	0	24.0384615384615	86.5384615384615	0	24.5726495726496	0	0	49.1452991452991	42.2008547008547	0	41.1324786324786	0	25.1068376068376	24.5726495726496	0	0	0	0	0	0	40.5982905982906	0	50.2136752136752	31.517094017094	151.175213675214	0	25.1068376068376	180.021367521368	57.1581196581197	0	0	0	17.6282051282051	26.1752136752137	0	0	0	0	32.051282051282	28.3119658119658	0	0	28.8461538461538	49.1452991452991	11.7521367521368	0	0	0	0	74.7863247863248	0	0	0	0	0	0	0	30.4487179487179	0	0	0	76.9230769230769	0	0	0	0	0	0	0	0	0	0	0	0	0	0	0	22.9700854700855	0	57.1581196581197	0	0	0	44.3376068376068	0	0	6.94444444444444	0	0	0	0	0	0	1.6025641025641	0	0	1.06837606837607	10.6837606837607
76-A	0	172.413793103448	6511.49425287356	0	0	0	281.609195402299	0	0	0	0	0	408.045977011494	0	0	120.689655172414	0	0	137.931034482759	0	74.7126436781609	298.850574712644	0	0	0	0	344.827586206897	0	0	218.390804597701	0	0	45.9770114942529	0	0	0	0	126.436781609195	0	0	316.091954022989	0	0	0	0	0	0	0	0	0	0	0	0	0	0	0	189.655172413793	0	0	0	132.183908045977	0	0	0	0	0	0	0	0	0	0	0	0	0	0	0	0	0	0	0	0	68.9655172413793	0	0	298.850574712644	0	0	0	0	0	0	0	0	0	0	0	0	0	0	0	0	0	0	74.7126436781609	0	0	0	51.7241379310345	0	0	0	0	0	0	0	5.74712643678161	0	0	0	0	0	0	0	0	0	0	0	0	132.183908045977	0	28.735632183908	0	0	0	0	0	0	0	0	0	0	0	0	0	0	0	0	0	0	0	0	649.425287356322	0	0	0	0	0	0	0	0	0	0	0	0	321.83908045977	0	143.67816091954	0	0	0	0	57.4712643678161	0	0	0	0	0	0	0	40.2298850574713	0	40.2298850574713	0	0	0	0	0	0	0	0	0	0	0	0	0	0	0	0	0	0	0	0	0	0	0	0	0	0	0	0	0	0	0
89-A	0	123.422159887798	237.026647966339	0	136.044880785414	0	0	187.938288920056	0	0	0	0	0	119.214586255259	74.3338008415147	520.336605890603	0	0	50.4908835904628	0	199.158485273492	0	0	0	0	92.5666199158485	0	0	0	79.9438990182328	0	0	126.227208976157	0	71.5287517531557	0	0	339.410939691445	0	0	353.43618513324	0	0	0	1426.36746143058	0	0	0	29.45301542777	150.070126227209	0	0	0	0	131.837307152875	0	0	0	37.8681626928471	0	0	0	0	0	0	0	0	147.26507713885	36.4656381486676	0	0	0	0	0	50.4908835904628	0	0	0	100.981767180926	0	0	0	0	0	179.523141654979	0	0	0	0	0	0	106.591865357644	0	0	0	0	0	0	0	0	0	0	0	0	0	0	0	0	0	0	0	0	0	0	11.2201963534362	0	0	0	0	0	0	0	0	0	0	0	0	0	0	129.032258064516	0	0	0	0	0	0	0	0	0	0	0	0	0	0	0	0	0	0	43.4782608695652	0	95.3716690042076	0	0	0	0	0	0	0	0	0	0	0	0	0	0	0	0	0	0	0	0	0	0	0	0	0	0	0	0	0	0	0	0	0	0	0	0	0	0	0	0	0	0	0	0	0	0	0	0	0	0	0	0	0	0	0	0	0	0	0	0	0	0
81-P	56.6037735849057	125.786163522013	5182.38993710692	31.4465408805031	25.1572327044025	119.496855345912	0	0	0	0	113.207547169811	0	0	0	88.0503144654088	56.6037735849057	0	0	251.572327044025	56.6037735849057	0	238.993710691824	0	0	125.786163522013	100.62893081761	125.786163522013	0	0	0	0	0	0	0	0	194.96855345912	0	0	0	0	0	0	0	18.8679245283019	0	0	37.7358490566038	0	0	0	238.993710691824	0	0	0	0	0	0	0	18.8679245283019	0	0	647.798742138365	138.364779874214	138.364779874214	0	0	0	0	0	0	0	0	0	0	213.836477987421	0	0	0	0	0	0	0	0	0	0	0	0	0	0	0	0	0	0	0	62.8930817610063	0	0	0	0	100.62893081761	0	0	0	0	0	0	0	0	0	0	0	0	0	0	0	874.213836477987	0	0	0	0	0	0	0	0	0	0	0	0	0	0	0	0	0	0	0	0	0	0	0	0	0	0	0	0	238.993710691824	0	0	0	0	0	0	0	0	0	163.522012578616	0	0	0	0	0	0	0	0	0	0	0	0	0	0	0	0	0	0	0	0	0	0	0	31.4465408805031	81.7610062893082	0	0	0	0	0	0	0	0	0	0	0	0	0	0	0	0	0	0	0	0	0	0	0	0	0	0	0	0	0	0	0	0	0
76-P	1250	446.72131147541	1276.6393442623	370.901639344262	0	0	590.16393442623	0	0	293.032786885246	569.672131147541	125	0	10.2459016393443	38.9344262295082	38.9344262295082	131.147540983607	0	116.803278688525	0	0	215.16393442623	0	0	0	59.4262295081967	75.8196721311475	0	0	8.19672131147541	0	0	0	104.508196721311	0	32.7868852459016	0	0	0	0	104.508196721311	0	49.1803278688525	45.0819672131148	14.344262295082	0	0	0	45.0819672131148	0	0	0	0	0	0	30.7377049180328	163.934426229508	0	0	0	0	0	90.1639344262295	57.3770491803279	0	0	12.2950819672131	0	0	0	0	0	0	0	0	0	0	0	0	112.704918032787	0	0	59.4262295081967	120.901639344262	22.5409836065574	18.4426229508197	0	47.1311475409836	0	90.1639344262295	0	0	67.6229508196721	0	0	0	149.590163934426	0	0	0	0	0	43.0327868852459	24.5901639344262	0	0	81.9672131147541	0	0	0	0	0	0	0	63.5245901639344	2.04918032786885	34.8360655737705	0	0	30.7377049180328	0	0	36.8852459016393	129.098360655738	0	0	8.19672131147541	0	0	0	0	0	0	0	0	10.2459016393443	0	0	0	0	0	0	0	110.655737704918	4.0983606557377	202.868852459016	110.655737704918	0	0	0	0	51.2295081967213	0	0	0	0	0	0	0	43.0327868852459	0	0	0	0	127.049180327869	0	32.7868852459016	0	0	0	0	16.3934426229508	0	0	0	0	90.1639344262295	0	0	0	0	0	0	0	0	0	0	0	0	0	0	67.6229508196721	47.1311475409836	0	0	0	0	12.2950819672131	0	0	0	0	12.2950819672131	0	0	0	0	0	0	0	0	0	0
78-A	0	487.92270531401	439.613526570048	72.463768115942	0	21.7391304347826	0	0	224.63768115942	0	241.545893719807	0	0	79.7101449275362	0	21.7391304347826	0	0	91.7874396135266	33.816425120773	0	1007.24637681159	0	0	0	0	0	77.2946859903382	0	4.83091787439614	0	0	0	60.3864734299517	0	74.8792270531401	0	0	0	0	26.5700483091787	0	0	12.0772946859903	0	427.536231884058	0	0	0	21.7391304347826	55.5555555555556	446.859903381643	0	0	0	0	0	0	57.9710144927536	0	0	70.048309178744	82.1256038647343	222.222222222222	0	0	0	0	0	0	0	0	190.821256038647	0	0	65.2173913043478	0	0	0	0	0	0	33.816425120773	0	0	130.434782608696	70.048309178744	0	0	0	0	0	0	0	0	0	0	0	0	0	48.3091787439614	0	0	77.2946859903382	0	0	38.6473429951691	0	38.6473429951691	0	0	0	0	0	0	161.835748792271	43.4782608695652	0	0	0	28.9855072463768	91.7874396135266	0	0	0	449.275362318841	14.4927536231884	0	0	0	0	0	0	0	0	0	0	0	0	0	0	0	0	0	0	0	14.4927536231884	0	0	0	0	0	0	190.821256038647	0	0	0	77.2946859903382	0	0	0	0	0	0	0	0	0	57.9710144927536	0	0	0	0	0	0	70.048309178744	86.9565217391304	0	0	0	0	0	0	0	0	0	0	0	0	0	0	0	24.1545893719807	0	0	19.3236714975845	16.9082125603865	0	0	0	0	0	0	0	157.004830917874	0	0	0	4.83091787439614	0	0	24.1545893719807	0	0
77-A	0	0	1533.89830508475	0	0	0	0	0	474.576271186441	0	0	0	0	0	127.118644067797	0	0	0	0	0	0	0	0	118.64406779661	0	0	0	0	1288.13559322034	0	0	0	0	0	0	0	0	0	610.169491525424	0	0	0	0	0	0	0	0	0	0	127.118644067797	0	0	0	0	0	0	0	0	0	822.033898305085	0	42.3728813559322	0	0	0	0	0	0	0	2347.45762711864	0	152.542372881356	0	0	0	0	0	0	0	0	0	0	0	0	0	0	0	0	59.3220338983051	0	0	483.050847457627	0	0	0	0	0	0	0	0	0	0	0	0	0	0	0	0	0	0	0	0	0	0	0	0	0	0	0	0	33.8983050847458	296.610169491525	0	0	0	0	0	0	0	0	0	0	0	0	0	0	0	0	0	0	0	0	0	0	0	0	0	0	0	0	0	0	0	0	0	0	0	0	0	0	84.7457627118644	0	0	0	0	177.966101694915	0	0	0	0	0	0	0	0	440.677966101695	0	76.271186440678	0	0	0	0	0	0	0	0	0	0	0	0	0	1050.84745762712	0	0	0	0	0	0	0	0	0	0	0	0	0	0	0	0	0	0	0	0	0	0
80-P	373.702422145329	380.622837370242	290.657439446367	0	0	0	173.010380622837	51.9031141868512	0	0	543.252595155709	0	0	0	0	0	0	0	0	0	0	0	0	0	0	0	0	0	0	0	0	31.1418685121107	0	674.740484429066	0	38.0622837370242	107.266435986159	0	0	0	0	352.941176470588	65.7439446366782	0	0	0	0	0	34.6020761245675	0	0	283.737024221453	134.948096885813	595.155709342561	0	0	0	0	0	0	0	0	0	224.913494809689	0	0	0	0	0	0	0	0	117.647058823529	0	235.294117647059	31.1418685121107	0	0	0	0	86.5051903114187	0	0	0	0	0	41.522491349481	0	0	0	0	0	280.276816608997	0	114.186851211073	107.266435986159	117.647058823529	0	0	0	31.1418685121107	13.840830449827	0	0	0	110.726643598616	0	0	0	0	0	0	0	0	242.214532871972	0	20.7612456747405	86.5051903114187	0	38.0622837370242	0	0	0	0	0	0	10.3806228373702	89.9653979238754	0	0	0	0	0	0	0	13.840830449827	0	0	0	0	0	0	62.2837370242215	62.2837370242215	155.709342560554	0	27.681660899654	44.9826989619377	0	0	0	0	0	121.107266435986	41.522491349481	0	186.851211072664	0	58.8235294117647	0	0	0	27.681660899654	0	0	0	0	0	0	0	0	0	27.681660899654	0	0	0	0	0	0	0	0	13.840830449827	0	0	0	0	0	0	0	0	0	0	89.9653979238754	0	0	0	0	0	0	0	0	0	0	0	0	0	0	0	0	38.0622837370242	0	0	0
